t,u,y
0.00000000,1.83274090,360.00003052
0.02000000,1.83274090,334.28573608
0.04000000,1.83274090,302.14288330
0.06000000,1.83274090,282.85714722
0.08000000,1.83274090,270.00000000
0.10000000,1.83274090,270.00000000
0.12000000,1.83274090,263.57147217
0.14000000,1.83274090,257.14288330
0.16000000,1.83274090,263.57147217
0.18000000,1.83274090,257.14288330
0.20000000,1.83274090,257.14288330
0.22000000,1.83274090,257.14288330
0.24000000,1.83274090,257.14288330
0.26000000,1.83274090,263.57147217
0.28000000,1.83274090,257.14288330
0.30000000,1.83274090,257.14288330
0.32000000,1.83274090,257.14288330
0.34000000,1.83274090,257.14288330
0.36000000,1.83274090,257.14288330
0.38000000,1.83274090,263.57147217
0.40000000,1.83274090,257.14288330
0.42000000,1.83274090,257.14288330
0.44000000,1.83274090,257.14288330
0.46000000,1.83274090,257.14288330
0.48000000,1.83274090,257.14288330
0.50000000,1.83274090,257.14288330
0.52000000,1.83274090,257.14288330
0.54000000,1.83274090,263.57147217
0.56000000,1.83274090,257.14288330
0.58000000,1.83274090,257.14288330
0.60000000,1.83274090,257.14288330
0.62000000,1.83274090,257.14288330
0.64000000,1.83274090,257.14288330
0.66000000,1.83274090,263.57147217
0.68000000,1.83274090,257.14288330
0.70000000,1.83274090,257.14288330
0.72000000,1.83274090,257.14288330
0.74000000,1.83274090,257.14288330
0.76000000,1.83274090,257.14288330
0.78000000,1.83274090,257.14288330
0.80000000,1.83274090,257.14288330
0.82000000,1.83274090,257.14288330
0.84000000,1.83274090,263.57147217
0.86000000,1.83274090,257.14288330
0.88000000,1.83274090,257.14288330
0.90000000,1.83274090,257.14288330
0.92000000,1.83274090,257.14288330
0.94000000,1.83274090,263.57147217
0.96000000,1.83274090,257.14288330
0.98000000,1.83274090,257.14288330
1.00000000,1.83274090,257.14288330
1.02000000,1.83274090,257.14288330
1.04000000,1.83274090,257.14288330
1.06000000,1.83274090,257.14288330
1.08000000,1.83274090,257.14288330
1.10000000,1.83274090,263.57147217
1.12000000,1.83274090,257.14288330
1.14000000,1.83274090,257.14288330
1.16000000,1.83274090,257.14288330
1.18000000,1.83274090,257.14288330
1.20000000,1.83274090,257.14288330
1.22000000,1.83274090,257.14288330
1.24000000,1.83274090,263.57147217
1.26000000,1.83274090,257.14288330
1.28000000,1.83274090,257.14288330
1.30000000,1.83274090,257.14288330
1.32000000,1.83274090,257.14288330
1.34000000,1.83274090,257.14288330
1.36000000,1.83274090,257.14288330
1.38000000,1.83274090,263.57147217
1.40000000,1.83274090,257.14288330
1.42000000,1.83274090,257.14288330
1.44000000,1.83274090,257.14288330
1.46000000,1.83274090,257.14288330
1.48000000,1.83274090,257.14288330
1.50000000,1.83274090,263.57147217
1.52000000,1.83274090,257.14288330
1.54000000,1.83274090,257.14288330
1.56000000,1.83274090,257.14288330
1.58000000,1.83274090,257.14288330
1.60000000,3.08407497,257.14288330
1.62000000,3.08407497,308.57144165
1.64000000,3.08407497,366.42858887
1.66000000,3.08407497,405.00003052
1.68000000,3.08407497,430.71432495
1.70000000,3.08407497,437.14291382
1.72000000,3.08407497,450.00006104
1.74000000,3.08407497,450.00006104
1.76000000,3.08407497,450.00006104
1.78000000,3.08407497,456.42858887
1.80000000,3.08407497,456.42858887
1.82000000,3.08407497,456.42858887
1.84000000,3.08407497,456.42858887
1.86000000,3.08407497,456.42858887
1.88000000,3.08407497,456.42858887
1.90000000,3.08407497,456.42858887
1.92000000,3.08407497,456.42858887
1.94000000,3.08407497,456.42858887
1.96000000,3.08407497,456.42858887
1.98000000,3.08407497,456.42858887
2.00000000,3.08407497,456.42858887
2.02000000,3.08407497,456.42858887
2.04000000,3.08407497,456.42858887
2.06000000,3.08407497,456.42858887
2.08000000,1.83274090,456.42858887
2.10000000,1.83274090,411.42858887
2.12000000,1.83274090,347.14288330
2.14000000,1.83274090,308.57144165
2.16000000,1.83274090,289.28573608
2.18000000,1.83274090,270.00000000
2.20000000,1.83274090,270.00000000
2.22000000,1.83274090,263.57147217
2.24000000,1.83274090,263.57147217
2.26000000,1.83274090,257.14288330
2.28000000,1.83274090,257.14288330
2.30000000,1.83274090,257.14288330
2.32000000,1.83274090,263.57147217
2.34000000,1.83274090,257.14288330
2.36000000,1.83274090,257.14288330
2.38000000,1.83274090,257.14288330
2.40000000,1.83274090,263.57147217
2.42000000,1.83274090,257.14288330
2.44000000,1.83274090,257.14288330
2.46000000,1.83274090,257.14288330
2.48000000,1.83274090,257.14288330
2.50000000,1.83274090,257.14288330
2.52000000,1.83274090,257.14288330
2.54000000,1.83274090,263.57147217
2.56000000,3.08407497,257.14288330
2.58000000,3.08407497,302.14288330
2.60000000,3.08407497,366.42858887
2.62000000,3.08407497,405.00003052
2.64000000,3.08407497,430.71432495
2.66000000,3.08407497,437.14291382
2.68000000,3.08407497,443.57147217
2.70000000,3.08407497,450.00006104
2.72000000,3.08407497,456.42858887
2.74000000,3.08407497,456.42858887
2.76000000,3.08407497,450.00006104
2.78000000,3.08407497,456.42858887
2.80000000,3.08407497,456.42858887
2.82000000,3.08407497,456.42858887
2.84000000,3.08407497,456.42858887
2.86000000,3.08407497,456.42858887
2.88000000,3.08407497,456.42858887
2.90000000,3.08407497,456.42858887
2.92000000,3.08407497,456.42858887
2.94000000,3.08407497,456.42858887
2.96000000,3.08407497,450.00006104
2.98000000,3.08407497,462.85714722
3.00000000,3.08407497,450.00006104
3.02000000,3.08407497,462.85714722
3.04000000,1.83274090,450.00006104
3.06000000,1.83274090,405.00003052
3.08000000,1.83274090,347.14288330
3.10000000,1.83274090,308.57144165
3.12000000,1.83274090,282.85714722
3.14000000,1.83274090,276.42858887
3.16000000,1.83274090,263.57147217
3.18000000,1.83274090,263.57147217
3.20000000,3.08407497,263.57147217
3.22000000,3.08407497,302.14288330
3.24000000,3.08407497,366.42858887
3.26000000,3.08407497,405.00003052
3.28000000,3.08407497,430.71432495
3.30000000,3.08407497,437.14291382
3.32000000,3.08407497,450.00006104
3.34000000,3.08407497,450.00006104
3.36000000,3.08407497,456.42858887
3.38000000,3.08407497,450.00006104
3.40000000,3.08407497,456.42858887
3.42000000,3.08407497,456.42858887
3.44000000,3.08407497,456.42858887
3.46000000,3.08407497,456.42858887
3.48000000,3.08407497,456.42858887
3.50000000,3.08407497,456.42858887
3.52000000,1.83274090,456.42858887
3.54000000,1.83274090,411.42858887
3.56000000,1.83274090,347.14288330
3.58000000,1.83274090,302.14288330
3.60000000,1.83274090,289.28573608
3.62000000,1.83274090,270.00000000
3.64000000,1.83274090,270.00000000
3.66000000,1.83274090,263.57147217
3.68000000,1.83274090,257.14288330
3.70000000,1.83274090,263.57147217
3.72000000,1.83274090,257.14288330
3.74000000,1.83274090,257.14288330
3.76000000,1.83274090,257.14288330
3.78000000,1.83274090,257.14288330
3.80000000,1.83274090,263.57147217
3.82000000,1.83274090,257.14288330
3.84000000,1.83274090,257.14288330
3.86000000,1.83274090,257.14288330
3.88000000,1.83274090,257.14288330
3.90000000,1.83274090,257.14288330
3.92000000,1.83274090,257.14288330
3.94000000,1.83274090,263.57147217
3.96000000,1.83274090,257.14288330
3.98000000,1.83274090,257.14288330
4.00000000,3.08407497,257.14288330
4.02000000,3.08407497,302.14288330
4.04000000,3.08407497,372.85717773
4.06000000,3.08407497,405.00003052
4.08000000,3.08407497,424.28576660
4.10000000,3.08407497,443.57147217
4.12000000,3.08407497,450.00006104
4.14000000,3.08407497,450.00006104
4.16000000,1.83274090,450.00006104
4.18000000,1.83274090,411.42858887
4.20000000,1.83274090,347.14288330
4.22000000,1.83274090,308.57144165
4.24000000,1.83274090,282.85714722
4.26000000,1.83274090,270.00000000
4.28000000,1.83274090,270.00000000
4.30000000,1.83274090,263.57147217
4.32000000,1.83274090,257.14288330
4.34000000,1.83274090,263.57147217
4.36000000,1.83274090,257.14288330
4.38000000,1.83274090,257.14288330
4.40000000,1.83274090,257.14288330
4.42000000,1.83274090,263.57147217
4.44000000,1.83274090,257.14288330
4.46000000,1.83274090,257.14288330
4.48000000,3.08407497,257.14288330
4.50000000,3.08407497,302.14288330
4.52000000,3.08407497,372.85717773
4.54000000,3.08407497,411.42858887
4.56000000,3.08407497,424.28576660
4.58000000,3.08407497,443.57147217
4.60000000,3.08407497,443.57147217
4.62000000,3.08407497,450.00006104
4.64000000,3.08407497,456.42858887
4.66000000,3.08407497,456.42858887
4.68000000,3.08407497,456.42858887
4.70000000,3.08407497,456.42858887
4.72000000,3.08407497,456.42858887
4.74000000,3.08407497,456.42858887
4.76000000,3.08407497,456.42858887
4.78000000,3.08407497,456.42858887
4.80000000,1.83274090,456.42858887
4.82000000,1.83274090,411.42858887
4.84000000,1.83274090,340.71432495
4.86000000,1.83274090,308.57144165
4.88000000,1.83274090,289.28573608
4.90000000,1.83274090,276.42858887
4.92000000,1.83274090,263.57147217
4.94000000,1.83274090,263.57147217
4.96000000,3.08407497,263.57147217
4.98000000,3.08407497,302.14288330
5.00000000,3.08407497,372.85717773
5.02000000,3.08407497,405.00003052
5.04000000,3.08407497,424.28576660
5.06000000,3.08407497,437.14291382
5.08000000,3.08407497,450.00006104
5.10000000,3.08407497,450.00006104
5.12000000,1.83274090,456.42858887
5.14000000,1.83274090,405.00003052
5.16000000,1.83274090,347.14288330
5.18000000,1.83274090,308.57144165
5.20000000,1.83274090,282.85714722
5.22000000,1.83274090,276.42858887
5.24000000,1.83274090,270.00000000
5.26000000,1.83274090,257.14288330
5.28000000,3.08407497,263.57147217
5.30000000,3.08407497,308.57144165
5.32000000,3.08407497,366.42858887
5.34000000,3.08407497,411.42858887
5.36000000,3.08407497,424.28576660
5.38000000,3.08407497,443.57147217
5.40000000,3.08407497,450.00006104
5.42000000,3.08407497,450.00006104
5.44000000,1.83274090,450.00006104
5.46000000,1.83274090,411.42858887
5.48000000,1.83274090,347.14288330
5.50000000,1.83274090,308.57144165
5.52000000,1.83274090,289.28573608
5.54000000,1.83274090,270.00000000
5.56000000,1.83274090,270.00000000
5.58000000,1.83274090,263.57147217
5.60000000,1.83274090,263.57147217
5.62000000,1.83274090,257.14288330
5.64000000,1.83274090,257.14288330
5.66000000,1.83274090,257.14288330
5.68000000,1.83274090,257.14288330
5.70000000,1.83274090,263.57147217
5.72000000,1.83274090,257.14288330
5.74000000,1.83274090,257.14288330
5.76000000,1.83274090,263.57147217
5.78000000,1.83274090,257.14288330
5.80000000,1.83274090,257.14288330
5.82000000,1.83274090,257.14288330
5.84000000,1.83274090,257.14288330
5.86000000,1.83274090,257.14288330
5.88000000,1.83274090,257.14288330
5.90000000,1.83274090,257.14288330
5.92000000,3.08407497,257.14288330
5.94000000,3.08407497,302.14288330
5.96000000,3.08407497,366.42858887
5.98000000,3.08407497,405.00003052
6.00000000,3.08407497,424.28576660
6.02000000,3.08407497,443.57147217
6.04000000,3.08407497,443.57147217
6.06000000,3.08407497,450.00006104
6.08000000,1.83274090,456.42858887
6.10000000,1.83274090,411.42858887
6.12000000,1.83274090,340.71432495
6.14000000,1.83274090,308.57144165
6.16000000,1.83274090,289.28573608
6.18000000,1.83274090,276.42858887
6.20000000,1.83274090,263.57147217
6.22000000,1.83274090,263.57147217
6.24000000,1.83274090,263.57147217
6.26000000,1.83274090,263.57147217
6.28000000,1.83274090,257.14288330
6.30000000,1.83274090,257.14288330
6.32000000,1.83274090,257.14288330
6.34000000,1.83274090,257.14288330
6.36000000,1.83274090,257.14288330
6.38000000,1.83274090,257.14288330
6.40000000,1.83274090,257.14288330
6.42000000,1.83274090,257.14288330
6.44000000,1.83274090,257.14288330
6.46000000,1.83274090,263.57147217
6.48000000,1.83274090,257.14288330
6.50000000,1.83274090,257.14288330
6.52000000,1.83274090,257.14288330
6.54000000,1.83274090,257.14288330
6.56000000,1.83274090,257.14288330
6.58000000,1.83274090,257.14288330
6.60000000,1.83274090,257.14288330
6.62000000,1.83274090,263.57147217
6.64000000,1.83274090,257.14288330
6.66000000,1.83274090,257.14288330
6.68000000,1.83274090,257.14288330
6.70000000,1.83274090,257.14288330
6.72000000,3.08407497,257.14288330
6.74000000,3.08407497,302.14288330
6.76000000,3.08407497,372.85717773
6.78000000,3.08407497,405.00003052
6.80000000,3.08407497,424.28576660
6.82000000,3.08407497,443.57147217
6.84000000,3.08407497,443.57147217
6.86000000,3.08407497,450.00006104
6.88000000,1.83274090,456.42858887
6.90000000,1.83274090,411.42858887
6.92000000,1.83274090,340.71432495
6.94000000,1.83274090,308.57144165
6.96000000,1.83274090,289.28573608
6.98000000,1.83274090,270.00000000
7.00000000,1.83274090,270.00000000
7.02000000,1.83274090,263.57147217
7.04000000,3.08407497,263.57147217
7.06000000,3.08407497,302.14288330
7.08000000,3.08407497,366.42858887
7.10000000,3.08407497,411.42858887
7.12000000,3.08407497,424.28576660
7.14000000,3.08407497,437.14291382
7.16000000,3.08407497,450.00006104
7.18000000,3.08407497,450.00006104
7.20000000,1.83274090,456.42858887
7.22000000,1.83274090,411.42858887
7.24000000,1.83274090,340.71432495
7.26000000,1.83274090,308.57144165
7.28000000,1.83274090,289.28573608
7.30000000,1.83274090,270.00000000
7.32000000,1.83274090,270.00000000
7.34000000,1.83274090,263.57147217
7.36000000,3.08407497,257.14288330
7.38000000,3.08407497,308.57144165
7.40000000,3.08407497,366.42858887
7.42000000,3.08407497,405.00003052
7.44000000,3.08407497,430.71432495
7.46000000,3.08407497,437.14291382
7.48000000,3.08407497,443.57147217
7.50000000,3.08407497,450.00006104
7.52000000,3.08407497,456.42858887
7.54000000,3.08407497,456.42858887
7.56000000,3.08407497,450.00006104
7.58000000,3.08407497,456.42858887
7.60000000,3.08407497,456.42858887
7.62000000,3.08407497,456.42858887
7.64000000,3.08407497,456.42858887
7.66000000,3.08407497,456.42858887
7.68000000,3.08407497,456.42858887
7.70000000,3.08407497,456.42858887
7.72000000,3.08407497,456.42858887
7.74000000,3.08407497,456.42858887
7.76000000,3.08407497,462.85714722
7.78000000,3.08407497,456.42858887
7.80000000,3.08407497,456.42858887
7.82000000,3.08407497,456.42858887
7.84000000,1.83274090,456.42858887
7.86000000,1.83274090,411.42858887
7.88000000,1.83274090,347.14288330
7.90000000,1.83274090,302.14288330
7.92000000,1.83274090,289.28573608
7.94000000,1.83274090,270.00000000
7.96000000,1.83274090,270.00000000
7.98000000,1.83274090,263.57147217
8.00000000,1.83274090,257.14288330
8.02000000,1.83274090,263.57147217
8.04000000,1.83274090,257.14288330
8.06000000,1.83274090,257.14288330
8.08000000,1.83274090,257.14288330
8.10000000,1.83274090,257.14288330
8.12000000,1.83274090,263.57147217
8.14000000,1.83274090,257.14288330
8.16000000,1.83274090,257.14288330
8.18000000,1.83274090,257.14288330
8.20000000,1.83274090,257.14288330
8.22000000,1.83274090,257.14288330
8.24000000,1.83274090,257.14288330
8.26000000,1.83274090,263.57147217
8.28000000,1.83274090,257.14288330
8.30000000,1.83274090,257.14288330
8.32000000,1.83274090,257.14288330
8.34000000,1.83274090,257.14288330
8.36000000,1.83274090,257.14288330
8.38000000,1.83274090,257.14288330
8.40000000,1.83274090,257.14288330
8.42000000,1.83274090,257.14288330
8.44000000,1.83274090,257.14288330
8.46000000,1.83274090,263.57147217
8.48000000,3.08407497,257.14288330
8.50000000,3.08407497,302.14288330
8.52000000,3.08407497,366.42858887
8.54000000,3.08407497,405.00003052
8.56000000,3.08407497,424.28576660
8.58000000,3.08407497,437.14291382
8.60000000,3.08407497,450.00006104
8.62000000,3.08407497,450.00006104
8.64000000,1.83274090,450.00006104
8.66000000,1.83274090,411.42858887
8.68000000,1.83274090,347.14288330
8.70000000,1.83274090,308.57144165
8.72000000,1.83274090,289.28573608
8.74000000,1.83274090,270.00000000
8.76000000,1.83274090,270.00000000
8.78000000,1.83274090,263.57147217
8.80000000,3.08407497,257.14288330
8.82000000,3.08407497,308.57144165
8.84000000,3.08407497,366.42858887
8.86000000,3.08407497,411.42858887
8.88000000,3.08407497,430.71432495
8.90000000,3.08407497,437.14291382
8.92000000,3.08407497,450.00006104
8.94000000,3.08407497,450.00006104
8.96000000,3.08407497,456.42858887
8.98000000,3.08407497,450.00006104
9.00000000,3.08407497,456.42858887
9.02000000,3.08407497,456.42858887
9.04000000,3.08407497,456.42858887
9.06000000,3.08407497,456.42858887
9.08000000,3.08407497,456.42858887
9.10000000,3.08407497,456.42858887
9.12000000,1.83274090,456.42858887
9.14000000,1.83274090,411.42858887
9.16000000,1.83274090,347.14288330
9.18000000,1.83274090,308.57144165
9.20000000,1.83274090,282.85714722
9.22000000,1.83274090,276.42858887
9.24000000,1.83274090,263.57147217
9.26000000,1.83274090,270.00000000
9.28000000,3.08407497,257.14288330
9.30000000,3.08407497,308.57144165
9.32000000,3.08407497,366.42858887
9.34000000,3.08407497,411.42858887
9.36000000,3.08407497,424.28576660
9.38000000,3.08407497,443.57147217
9.40000000,3.08407497,443.57147217
9.42000000,3.08407497,450.00006104
9.44000000,1.83274090,456.42858887
9.46000000,1.83274090,411.42858887
9.48000000,1.83274090,347.14288330
9.50000000,1.83274090,308.57144165
9.52000000,1.83274090,282.85714722
9.54000000,1.83274090,276.42858887
9.56000000,1.83274090,263.57147217
9.58000000,1.83274090,263.57147217
9.60000000,3.08407497,263.57147217
9.62000000,3.08407497,302.14288330
9.64000000,3.08407497,366.42858887
9.66000000,3.08407497,411.42858887
9.68000000,3.08407497,430.71432495
9.70000000,3.08407497,437.14291382
9.72000000,3.08407497,450.00006104
9.74000000,3.08407497,450.00006104
9.76000000,1.83274090,456.42858887
9.78000000,1.83274090,411.42858887
9.80000000,1.83274090,340.71432495
9.82000000,1.83274090,308.57144165
9.84000000,1.83274090,289.28573608
9.86000000,1.83274090,270.00000000
9.88000000,1.83274090,270.00000000
9.90000000,1.83274090,263.57147217
9.92000000,3.08407497,263.57147217
9.94000000,3.08407497,302.14288330
9.96000000,3.08407497,366.42858887
9.98000000,3.08407497,411.42858887
10.00000000,3.08407497,424.28576660
10.02000000,3.08407497,437.14291382
10.04000000,3.08407497,450.00006104
10.06000000,3.08407497,450.00006104
10.08000000,3.08407497,450.00006104
10.10000000,3.08407497,456.42858887
10.12000000,3.08407497,456.42858887
10.14000000,3.08407497,456.42858887
10.16000000,3.08407497,456.42858887
10.18000000,3.08407497,456.42858887
10.20000000,3.08407497,456.42858887
10.22000000,3.08407497,456.42858887
10.24000000,3.08407497,456.42858887
10.26000000,3.08407497,456.42858887
10.28000000,3.08407497,456.42858887
10.30000000,3.08407497,456.42858887
10.32000000,3.08407497,456.42858887
10.34000000,3.08407497,456.42858887
10.36000000,3.08407497,456.42858887
10.38000000,3.08407497,456.42858887
10.40000000,3.08407497,456.42858887
10.42000000,3.08407497,456.42858887
10.44000000,3.08407497,456.42858887
10.46000000,3.08407497,462.85714722
10.48000000,3.08407497,456.42858887
10.50000000,3.08407497,456.42858887
10.52000000,3.08407497,456.42858887
10.54000000,3.08407497,456.42858887
10.56000000,3.08407497,456.42858887
10.58000000,3.08407497,456.42858887
10.60000000,3.08407497,456.42858887
10.62000000,3.08407497,456.42858887
10.64000000,3.08407497,456.42858887
10.66000000,3.08407497,456.42858887
10.68000000,3.08407497,462.85714722
10.70000000,3.08407497,456.42858887
10.72000000,1.83274090,456.42858887
10.74000000,1.83274090,411.42858887
10.76000000,1.83274090,347.14288330
10.78000000,1.83274090,308.57144165
10.80000000,1.83274090,282.85714722
10.82000000,1.83274090,270.00000000
10.84000000,1.83274090,270.00000000
10.86000000,1.83274090,263.57147217
10.88000000,3.08407497,257.14288330
10.90000000,3.08407497,308.57144165
10.92000000,3.08407497,366.42858887
10.94000000,3.08407497,411.42858887
10.96000000,3.08407497,430.71432495
10.98000000,3.08407497,437.14291382
11.00000000,3.08407497,450.00006104
11.02000000,3.08407497,450.00006104
11.04000000,1.83274090,456.42858887
11.06000000,1.83274090,411.42858887
11.08000000,1.83274090,347.14288330
11.10000000,1.83274090,308.57144165
11.12000000,1.83274090,282.85714722
11.14000000,1.83274090,276.42858887
11.16000000,1.83274090,263.57147217
11.18000000,1.83274090,263.57147217
11.20000000,1.83274090,263.57147217
11.22000000,1.83274090,257.14288330
11.24000000,1.83274090,263.57147217
11.26000000,1.83274090,257.14288330
11.28000000,1.83274090,257.14288330
11.30000000,1.83274090,257.14288330
11.32000000,1.83274090,257.14288330
11.34000000,1.83274090,257.14288330
11.36000000,1.83274090,263.57147217
11.38000000,1.83274090,257.14288330
11.40000000,1.83274090,257.14288330
11.42000000,1.83274090,257.14288330
11.44000000,1.83274090,257.14288330
11.46000000,1.83274090,257.14288330
11.48000000,1.83274090,257.14288330
11.50000000,1.83274090,257.14288330
11.52000000,1.83274090,257.14288330
11.54000000,1.83274090,257.14288330
11.56000000,1.83274090,263.57147217
11.58000000,1.83274090,257.14288330
11.60000000,1.83274090,257.14288330
11.62000000,1.83274090,257.14288330
11.64000000,1.83274090,257.14288330
11.66000000,1.83274090,257.14288330
11.68000000,1.83274090,257.14288330
11.70000000,1.83274090,257.14288330
11.72000000,1.83274090,257.14288330
11.74000000,1.83274090,257.14288330
11.76000000,1.83274090,257.14288330
11.78000000,1.83274090,257.14288330
11.80000000,1.83274090,257.14288330
11.82000000,1.83274090,257.14288330
11.84000000,1.83274090,257.14288330
11.86000000,1.83274090,263.57147217
11.88000000,1.83274090,257.14288330
11.90000000,1.83274090,257.14288330
11.92000000,1.83274090,257.14288330
11.94000000,1.83274090,257.14288330
11.96000000,1.83274090,257.14288330
11.98000000,1.83274090,257.14288330
12.00000000,1.83274090,257.14288330
12.02000000,1.83274090,263.57147217
12.04000000,1.83274090,257.14288330
12.06000000,1.83274090,257.14288330
12.08000000,1.83274090,257.14288330
12.10000000,1.83274090,257.14288330
12.12000000,1.83274090,257.14288330
12.14000000,1.83274090,257.14288330
12.16000000,1.83274090,257.14288330
12.18000000,1.83274090,257.14288330
12.20000000,1.83274090,263.57147217
12.22000000,1.83274090,257.14288330
12.24000000,1.83274090,257.14288330
12.26000000,1.83274090,257.14288330
12.28000000,1.83274090,257.14288330
12.30000000,1.83274090,257.14288330
12.32000000,3.08407497,257.14288330
12.34000000,3.08407497,302.14288330
12.36000000,3.08407497,366.42858887
12.38000000,3.08407497,405.00003052
12.40000000,3.08407497,424.28576660
12.42000000,3.08407497,443.57147217
12.44000000,3.08407497,443.57147217
12.46000000,3.08407497,450.00006104
12.48000000,1.83274090,456.42858887
12.50000000,1.83274090,411.42858887
12.52000000,1.83274090,347.14288330
12.54000000,1.83274090,308.57144165
12.56000000,1.83274090,282.85714722
12.58000000,1.83274090,276.42858887
12.60000000,1.83274090,263.57147217
12.62000000,1.83274090,263.57147217
12.64000000,3.08407497,263.57147217
12.66000000,3.08407497,302.14288330
12.68000000,3.08407497,372.85717773
12.70000000,3.08407497,405.00003052
12.72000000,3.08407497,430.71432495
12.74000000,3.08407497,443.57147217
12.76000000,3.08407497,443.57147217
12.78000000,3.08407497,450.00006104
12.80000000,1.83274090,456.42858887
12.82000000,1.83274090,411.42858887
12.84000000,1.83274090,347.14288330
12.86000000,1.83274090,308.57144165
12.88000000,1.83274090,282.85714722
12.90000000,1.83274090,276.42858887
12.92000000,1.83274090,270.00000000
12.94000000,1.83274090,263.57147217
12.96000000,3.08407497,263.57147217
12.98000000,3.08407497,302.14288330
13.00000000,3.08407497,366.42858887
13.02000000,3.08407497,411.42858887
13.04000000,3.08407497,424.28576660
13.06000000,3.08407497,443.57147217
13.08000000,3.08407497,450.00006104
13.10000000,3.08407497,450.00006104
13.12000000,1.83274090,450.00006104
13.14000000,1.83274090,411.42858887
13.16000000,1.83274090,347.14288330
13.18000000,1.83274090,308.57144165
13.20000000,1.83274090,282.85714722
13.22000000,1.83274090,276.42858887
13.24000000,1.83274090,263.57147217
13.26000000,1.83274090,263.57147217
13.28000000,3.08407497,263.57147217
13.30000000,3.08407497,302.14288330
13.32000000,3.08407497,372.85717773
13.34000000,3.08407497,405.00003052
13.36000000,3.08407497,424.28576660
13.38000000,3.08407497,443.57147217
13.40000000,3.08407497,443.57147217
13.42000000,3.08407497,450.00006104
13.44000000,1.83274090,456.42858887
13.46000000,1.83274090,411.42858887
13.48000000,1.83274090,347.14288330
13.50000000,1.83274090,308.57144165
13.52000000,1.83274090,289.28573608
13.54000000,1.83274090,270.00000000
13.56000000,1.83274090,270.00000000
13.58000000,1.83274090,263.57147217
13.60000000,3.08407497,257.14288330
13.62000000,3.08407497,308.57144165
13.64000000,3.08407497,366.42858887
13.66000000,3.08407497,411.42858887
13.68000000,3.08407497,424.28576660
13.70000000,3.08407497,443.57147217
13.72000000,3.08407497,450.00006104
13.74000000,3.08407497,450.00006104
13.76000000,1.83274090,456.42858887
13.78000000,1.83274090,411.42858887
13.80000000,1.83274090,347.14288330
13.82000000,1.83274090,308.57144165
13.84000000,1.83274090,282.85714722
13.86000000,1.83274090,276.42858887
13.88000000,1.83274090,270.00000000
13.90000000,1.83274090,263.57147217
13.92000000,1.83274090,263.57147217
13.94000000,1.83274090,257.14288330
13.96000000,1.83274090,257.14288330
13.98000000,1.83274090,263.57147217
14.00000000,1.83274090,257.14288330
14.02000000,1.83274090,257.14288330
14.04000000,1.83274090,257.14288330
14.06000000,1.83274090,257.14288330
14.08000000,1.83274090,257.14288330
14.10000000,1.83274090,257.14288330
14.12000000,1.83274090,257.14288330
14.14000000,1.83274090,257.14288330
14.16000000,1.83274090,257.14288330
14.18000000,1.83274090,257.14288330
14.20000000,1.83274090,257.14288330
14.22000000,1.83274090,257.14288330
14.24000000,1.83274090,257.14288330
14.26000000,1.83274090,257.14288330
14.28000000,1.83274090,263.57147217
14.30000000,1.83274090,257.14288330
14.32000000,1.83274090,257.14288330
14.34000000,1.83274090,257.14288330
14.36000000,1.83274090,257.14288330
14.38000000,1.83274090,257.14288330
14.40000000,3.08407497,257.14288330
14.42000000,3.08407497,302.14288330
14.44000000,3.08407497,372.85717773
14.46000000,3.08407497,405.00003052
14.48000000,3.08407497,424.28576660
14.50000000,3.08407497,443.57147217
14.52000000,3.08407497,443.57147217
14.54000000,3.08407497,450.00006104
14.56000000,1.83274090,456.42858887
14.58000000,1.83274090,411.42858887
14.60000000,1.83274090,347.14288330
14.62000000,1.83274090,308.57144165
14.64000000,1.83274090,289.28573608
14.66000000,1.83274090,270.00000000
14.68000000,1.83274090,270.00000000
14.70000000,1.83274090,263.57147217
14.72000000,3.08407497,257.14288330
14.74000000,3.08407497,308.57144165
14.76000000,3.08407497,366.42858887
14.78000000,3.08407497,405.00003052
14.80000000,3.08407497,430.71432495
14.82000000,3.08407497,443.57147217
14.84000000,3.08407497,450.00006104
14.86000000,3.08407497,450.00006104
14.88000000,3.08407497,450.00006104
14.90000000,3.08407497,456.42858887
14.92000000,3.08407497,456.42858887
14.94000000,3.08407497,456.42858887
14.96000000,3.08407497,456.42858887
14.98000000,3.08407497,456.42858887
15.00000000,3.08407497,456.42858887
15.02000000,3.08407497,456.42858887
15.04000000,3.08407497,462.85714722
15.06000000,3.08407497,456.42858887
15.08000000,3.08407497,456.42858887
15.10000000,3.08407497,456.42858887
15.12000000,3.08407497,456.42858887
15.14000000,3.08407497,456.42858887
15.16000000,3.08407497,456.42858887
15.18000000,3.08407497,456.42858887
15.20000000,3.08407497,456.42858887
15.22000000,3.08407497,462.85714722
15.24000000,3.08407497,456.42858887
15.26000000,3.08407497,456.42858887
15.28000000,3.08407497,456.42858887
15.30000000,3.08407497,456.42858887
15.32000000,3.08407497,456.42858887
15.34000000,3.08407497,456.42858887
15.36000000,1.83274090,456.42858887
15.38000000,1.83274090,411.42858887
15.40000000,1.83274090,347.14288330
15.42000000,1.83274090,308.57144165
15.44000000,1.83274090,289.28573608
15.46000000,1.83274090,270.00000000
15.48000000,1.83274090,270.00000000
15.50000000,1.83274090,263.57147217
15.52000000,1.83274090,257.14288330
15.54000000,1.83274090,263.57147217
15.56000000,1.83274090,257.14288330
15.58000000,1.83274090,257.14288330
15.60000000,1.83274090,257.14288330
15.62000000,1.83274090,257.14288330
15.64000000,1.83274090,263.57147217
15.66000000,1.83274090,257.14288330
15.68000000,1.83274090,257.14288330
15.70000000,1.83274090,257.14288330
15.72000000,1.83274090,257.14288330
15.74000000,1.83274090,257.14288330
15.76000000,1.83274090,257.14288330
15.78000000,1.83274090,257.14288330
15.80000000,1.83274090,263.57147217
15.82000000,1.83274090,257.14288330
15.84000000,3.08407497,257.14288330
15.86000000,3.08407497,295.71432495
15.88000000,3.08407497,372.85717773
15.90000000,3.08407497,405.00003052
15.92000000,3.08407497,424.28576660
15.94000000,3.08407497,443.57147217
15.96000000,3.08407497,443.57147217
15.98000000,3.08407497,450.00006104
16.00000000,1.83274090,456.42858887
16.02000000,1.83274090,411.42858887
16.04000000,1.83274090,340.71432495
16.06000000,1.83274090,308.57144165
16.08000000,1.83274090,289.28573608
16.10000000,1.83274090,270.00000000
16.12000000,1.83274090,270.00000000
16.14000000,1.83274090,257.14288330
16.16000000,3.08407497,263.57147217
16.18000000,3.08407497,302.14288330
16.20000000,3.08407497,372.85717773
16.22000000,3.08407497,405.00003052
16.24000000,3.08407497,430.71432495
16.26000000,3.08407497,443.57147217
16.28000000,3.08407497,450.00006104
16.30000000,3.08407497,450.00006104
16.32000000,3.08407497,456.42858887
16.34000000,3.08407497,450.00006104
16.36000000,3.08407497,456.42858887
16.38000000,3.08407497,456.42858887
16.40000000,3.08407497,462.85714722
16.42000000,3.08407497,450.00006104
16.44000000,3.08407497,456.42858887
16.46000000,3.08407497,456.42858887
16.48000000,1.83274090,456.42858887
16.50000000,1.83274090,411.42858887
16.52000000,1.83274090,347.14288330
16.54000000,1.83274090,315.00003052
16.56000000,1.83274090,282.85714722
16.58000000,1.83274090,276.42858887
16.60000000,1.83274090,270.00000000
16.62000000,1.83274090,263.57147217
16.64000000,3.08407497,263.57147217
16.66000000,3.08407497,302.14288330
16.68000000,3.08407497,366.42858887
16.70000000,3.08407497,411.42858887
16.72000000,3.08407497,424.28576660
16.74000000,3.08407497,443.57147217
16.76000000,3.08407497,450.00006104
16.78000000,3.08407497,450.00006104
16.80000000,3.08407497,456.42858887
16.82000000,3.08407497,456.42858887
16.84000000,3.08407497,456.42858887
16.86000000,3.08407497,456.42858887
16.88000000,3.08407497,456.42858887
16.90000000,3.08407497,456.42858887
16.92000000,3.08407497,456.42858887
16.94000000,3.08407497,456.42858887
16.96000000,3.08407497,456.42858887
16.98000000,3.08407497,456.42858887
17.00000000,3.08407497,456.42858887
17.02000000,3.08407497,462.85714722
17.04000000,3.08407497,456.42858887
17.06000000,3.08407497,456.42858887
17.08000000,3.08407497,456.42858887
17.10000000,3.08407497,456.42858887
17.12000000,1.83274090,456.42858887
17.14000000,1.83274090,417.85717773
17.16000000,1.83274090,347.14288330
17.18000000,1.83274090,308.57144165
17.20000000,1.83274090,289.28573608
17.22000000,1.83274090,270.00000000
17.24000000,1.83274090,270.00000000
17.26000000,1.83274090,263.57147217
17.28000000,1.83274090,263.57147217
17.30000000,1.83274090,257.14288330
17.32000000,1.83274090,263.57147217
17.34000000,1.83274090,257.14288330
17.36000000,1.83274090,257.14288330
17.38000000,1.83274090,257.14288330
17.40000000,1.83274090,257.14288330
17.42000000,1.83274090,257.14288330
17.44000000,3.08407497,263.57147217
17.46000000,3.08407497,302.14288330
17.48000000,3.08407497,366.42858887
17.50000000,3.08407497,405.00003052
17.52000000,3.08407497,424.28576660
17.54000000,3.08407497,443.57147217
17.56000000,3.08407497,443.57147217
17.58000000,3.08407497,450.00006104
17.60000000,3.08407497,456.42858887
17.62000000,3.08407497,456.42858887
17.64000000,3.08407497,450.00006104
17.66000000,3.08407497,462.85714722
17.68000000,3.08407497,450.00006104
17.70000000,3.08407497,462.85714722
17.72000000,3.08407497,456.42858887
17.74000000,3.08407497,456.42858887
17.76000000,1.83274090,456.42858887
17.78000000,1.83274090,411.42858887
17.80000000,1.83274090,347.14288330
17.82000000,1.83274090,315.00003052
17.84000000,1.83274090,282.85714722
17.86000000,1.83274090,276.42858887
17.88000000,1.83274090,263.57147217
17.90000000,1.83274090,263.57147217
17.92000000,3.08407497,263.57147217
17.94000000,3.08407497,302.14288330
17.96000000,3.08407497,372.85717773
17.98000000,3.08407497,405.00003052
18.00000000,3.08407497,430.71432495
18.02000000,3.08407497,443.57147217
18.04000000,3.08407497,443.57147217
18.06000000,3.08407497,456.42858887
18.08000000,1.83274090,450.00006104
18.10000000,1.83274090,411.42858887
18.12000000,1.83274090,347.14288330
18.14000000,1.83274090,308.57144165
18.16000000,1.83274090,289.28573608
18.18000000,1.83274090,276.42858887
18.20000000,1.83274090,263.57147217
18.22000000,1.83274090,263.57147217
18.24000000,1.83274090,263.57147217
18.26000000,1.83274090,257.14288330
18.28000000,1.83274090,257.14288330
18.30000000,1.83274090,263.57147217
18.32000000,1.83274090,257.14288330
18.34000000,1.83274090,257.14288330
18.36000000,1.83274090,257.14288330
18.38000000,1.83274090,257.14288330
18.40000000,3.08407497,257.14288330
18.42000000,3.08407497,302.14288330
18.44000000,3.08407497,372.85717773
18.46000000,3.08407497,405.00003052
18.48000000,3.08407497,424.28576660
18.50000000,3.08407497,443.57147217
18.52000000,3.08407497,443.57147217
18.54000000,3.08407497,456.42858887
18.56000000,1.83274090,456.42858887
18.58000000,1.83274090,411.42858887
18.60000000,1.83274090,340.71432495
18.62000000,1.83274090,308.57144165
18.64000000,1.83274090,289.28573608
18.66000000,1.83274090,270.00000000
18.68000000,1.83274090,270.00000000
18.70000000,1.83274090,263.57147217
18.72000000,3.08407497,263.57147217
18.74000000,3.08407497,302.14288330
18.76000000,3.08407497,366.42858887
18.78000000,3.08407497,411.42858887
18.80000000,3.08407497,424.28576660
18.82000000,3.08407497,437.14291382
18.84000000,3.08407497,450.00006104
18.86000000,3.08407497,450.00006104
18.88000000,1.83274090,456.42858887
18.90000000,1.83274090,411.42858887
18.92000000,1.83274090,347.14288330
18.94000000,1.83274090,308.57144165
18.96000000,1.83274090,282.85714722
18.98000000,1.83274090,276.42858887
19.00000000,1.83274090,270.00000000
19.02000000,1.83274090,257.14288330
19.04000000,1.83274090,263.57147217
19.06000000,1.83274090,263.57147217
19.08000000,1.83274090,257.14288330
19.10000000,1.83274090,257.14288330
19.12000000,1.83274090,257.14288330
19.14000000,1.83274090,257.14288330
19.16000000,1.83274090,257.14288330
19.18000000,1.83274090,263.57147217
19.20000000,3.08407497,257.14288330
19.22000000,3.08407497,302.14288330
19.24000000,3.08407497,366.42858887
19.26000000,3.08407497,411.42858887
19.28000000,3.08407497,424.28576660
19.30000000,3.08407497,443.57147217
19.32000000,3.08407497,450.00006104
19.34000000,3.08407497,450.00006104
19.36000000,3.08407497,456.42858887
19.38000000,3.08407497,450.00006104
19.40000000,3.08407497,456.42858887
19.42000000,3.08407497,456.42858887
19.44000000,3.08407497,456.42858887
19.46000000,3.08407497,462.85714722
19.48000000,3.08407497,450.00006104
19.50000000,3.08407497,456.42858887
19.52000000,1.83274090,456.42858887
19.54000000,1.83274090,411.42858887
19.56000000,1.83274090,347.14288330
19.58000000,1.83274090,308.57144165
19.60000000,1.83274090,289.28573608
19.62000000,1.83274090,276.42858887
19.64000000,1.83274090,263.57147217
19.66000000,1.83274090,270.00000000
19.68000000,1.83274090,257.14288330
19.70000000,1.83274090,257.14288330
19.72000000,1.83274090,263.57147217
19.74000000,1.83274090,257.14288330
19.76000000,1.83274090,257.14288330
19.78000000,1.83274090,257.14288330
19.80000000,1.83274090,257.14288330
19.82000000,1.83274090,263.57147217
19.84000000,1.83274090,257.14288330
19.86000000,1.83274090,257.14288330
19.88000000,1.83274090,257.14288330
19.90000000,1.83274090,257.14288330
19.92000000,1.83274090,257.14288330
19.94000000,1.83274090,257.14288330
19.96000000,1.83274090,250.71430969
19.98000000,1.83274090,257.14288330
20.00000000,1.83274090,257.14288330
20.02000000,1.83274090,257.14288330
20.04000000,1.83274090,257.14288330
20.06000000,1.83274090,257.14288330
20.08000000,1.83274090,263.57147217
20.10000000,1.83274090,257.14288330
20.12000000,1.83274090,257.14288330
20.14000000,1.83274090,257.14288330
20.16000000,3.08407497,257.14288330
20.18000000,3.08407497,302.14288330
20.20000000,3.08407497,372.85717773
20.22000000,3.08407497,405.00003052
20.24000000,3.08407497,430.71432495
20.26000000,3.08407497,443.57147217
20.28000000,3.08407497,443.57147217
20.30000000,3.08407497,450.00006104
20.32000000,1.83274090,456.42858887
20.34000000,1.83274090,411.42858887
20.36000000,1.83274090,347.14288330
20.38000000,1.83274090,308.57144165
20.40000000,1.83274090,289.28573608
20.42000000,1.83274090,270.00000000
20.44000000,1.83274090,263.57147217
20.46000000,1.83274090,263.57147217
20.48000000,3.08407497,257.14288330
20.50000000,3.08407497,308.57144165
20.52000000,3.08407497,366.42858887
20.54000000,3.08407497,405.00003052
20.56000000,3.08407497,430.71432495
20.58000000,3.08407497,443.57147217
20.60000000,3.08407497,450.00006104
20.62000000,3.08407497,450.00006104
20.64000000,1.83274090,450.00006104
20.66000000,1.83274090,417.85717773
20.68000000,1.83274090,347.14288330
20.70000000,1.83274090,308.57144165
20.72000000,1.83274090,289.28573608
20.74000000,1.83274090,270.00000000
20.76000000,1.83274090,270.00000000
20.78000000,1.83274090,263.57147217
20.80000000,1.83274090,263.57147217
20.82000000,1.83274090,257.14288330
20.84000000,1.83274090,257.14288330
20.86000000,1.83274090,263.57147217
20.88000000,1.83274090,257.14288330
20.90000000,1.83274090,257.14288330
20.92000000,1.83274090,257.14288330
20.94000000,1.83274090,257.14288330
20.96000000,3.08407497,263.57147217
20.98000000,3.08407497,302.14288330
21.00000000,3.08407497,366.42858887
21.02000000,3.08407497,405.00003052
21.04000000,3.08407497,430.71432495
21.06000000,3.08407497,443.57147217
21.08000000,3.08407497,450.00006104
21.10000000,3.08407497,450.00006104
21.12000000,3.08407497,456.42858887
21.14000000,3.08407497,450.00006104
21.16000000,3.08407497,456.42858887
21.18000000,3.08407497,456.42858887
21.20000000,3.08407497,462.85714722
21.22000000,3.08407497,456.42858887
21.24000000,3.08407497,456.42858887
21.26000000,3.08407497,456.42858887
21.28000000,3.08407497,456.42858887
21.30000000,3.08407497,456.42858887
21.32000000,3.08407497,456.42858887
21.34000000,3.08407497,462.85714722
21.36000000,3.08407497,456.42858887
21.38000000,3.08407497,456.42858887
21.40000000,3.08407497,456.42858887
21.42000000,3.08407497,456.42858887
21.44000000,1.83274090,462.85714722
21.46000000,1.83274090,411.42858887
21.48000000,1.83274090,347.14288330
21.50000000,1.83274090,308.57144165
21.52000000,1.83274090,289.28573608
21.54000000,1.83274090,276.42858887
21.56000000,1.83274090,270.00000000
21.58000000,1.83274090,263.57147217
21.60000000,1.83274090,257.14288330
21.62000000,1.83274090,263.57147217
21.64000000,1.83274090,257.14288330
21.66000000,1.83274090,257.14288330
21.68000000,1.83274090,263.57147217
21.70000000,1.83274090,257.14288330
21.72000000,1.83274090,257.14288330
21.74000000,1.83274090,257.14288330
21.76000000,3.08407497,257.14288330
21.78000000,3.08407497,302.14288330
21.80000000,3.08407497,372.85717773
21.82000000,3.08407497,405.00003052
21.84000000,3.08407497,430.71432495
21.86000000,3.08407497,437.14291382
21.88000000,3.08407497,450.00006104
21.90000000,3.08407497,450.00006104
21.92000000,3.08407497,456.42858887
21.94000000,3.08407497,456.42858887
21.96000000,3.08407497,456.42858887
21.98000000,3.08407497,456.42858887
22.00000000,3.08407497,456.42858887
22.02000000,3.08407497,456.42858887
22.04000000,3.08407497,462.85714722
22.06000000,3.08407497,456.42858887
22.08000000,1.83274090,456.42858887
22.10000000,1.83274090,411.42858887
22.12000000,1.83274090,347.14288330
22.14000000,1.83274090,308.57144165
22.16000000,1.83274090,289.28573608
22.18000000,1.83274090,270.00000000
22.20000000,1.83274090,270.00000000
22.22000000,1.83274090,263.57147217
22.24000000,1.83274090,263.57147217
22.26000000,1.83274090,257.14288330
22.28000000,1.83274090,263.57147217
22.30000000,1.83274090,257.14288330
22.32000000,1.83274090,257.14288330
22.34000000,1.83274090,257.14288330
22.36000000,1.83274090,263.57147217
22.38000000,1.83274090,257.14288330
22.40000000,1.83274090,257.14288330
22.42000000,1.83274090,257.14288330
22.44000000,1.83274090,257.14288330
22.46000000,1.83274090,257.14288330
22.48000000,1.83274090,257.14288330
22.50000000,1.83274090,257.14288330
22.52000000,1.83274090,263.57147217
22.54000000,1.83274090,257.14288330
22.56000000,1.83274090,257.14288330
22.58000000,1.83274090,257.14288330
22.60000000,1.83274090,257.14288330
22.62000000,1.83274090,257.14288330
22.64000000,1.83274090,257.14288330
22.66000000,1.83274090,263.57147217
22.68000000,1.83274090,257.14288330
22.70000000,1.83274090,257.14288330
22.72000000,1.83274090,257.14288330
22.74000000,1.83274090,257.14288330
22.76000000,1.83274090,257.14288330
22.78000000,1.83274090,257.14288330
22.80000000,1.83274090,263.57147217
22.82000000,1.83274090,257.14288330
22.84000000,1.83274090,257.14288330
22.86000000,1.83274090,257.14288330
22.88000000,1.83274090,257.14288330
22.90000000,1.83274090,257.14288330
22.92000000,1.83274090,257.14288330
22.94000000,1.83274090,263.57147217
22.96000000,1.83274090,257.14288330
22.98000000,1.83274090,257.14288330
23.00000000,1.83274090,257.14288330
23.02000000,1.83274090,257.14288330
23.04000000,3.08407497,257.14288330
23.06000000,3.08407497,308.57144165
23.08000000,3.08407497,366.42858887
23.10000000,3.08407497,405.00003052
23.12000000,3.08407497,430.71432495
23.14000000,3.08407497,443.57147217
23.16000000,3.08407497,450.00006104
23.18000000,3.08407497,450.00006104
23.20000000,3.08407497,456.42858887
23.22000000,3.08407497,456.42858887
23.24000000,3.08407497,456.42858887
23.26000000,3.08407497,456.42858887
23.28000000,3.08407497,456.42858887
23.30000000,3.08407497,456.42858887
23.32000000,3.08407497,456.42858887
23.34000000,3.08407497,456.42858887
23.36000000,1.83274090,462.85714722
23.38000000,1.83274090,411.42858887
23.40000000,1.83274090,347.14288330
23.42000000,1.83274090,308.57144165
23.44000000,1.83274090,289.28573608
23.46000000,1.83274090,276.42858887
23.48000000,1.83274090,270.00000000
23.50000000,1.83274090,257.14288330
23.52000000,3.08407497,263.57147217
23.54000000,3.08407497,308.57144165
23.56000000,3.08407497,366.42858887
23.58000000,3.08407497,411.42858887
23.60000000,3.08407497,424.28576660
23.62000000,3.08407497,443.57147217
23.64000000,3.08407497,443.57147217
23.66000000,3.08407497,456.42858887
23.68000000,1.83274090,456.42858887
23.70000000,1.83274090,411.42858887
23.72000000,1.83274090,347.14288330
23.74000000,1.83274090,308.57144165
23.76000000,1.83274090,282.85714722
23.78000000,1.83274090,276.42858887
23.80000000,1.83274090,270.00000000
23.82000000,1.83274090,263.57147217
23.84000000,3.08407497,257.14288330
23.86000000,3.08407497,308.57144165
23.88000000,3.08407497,366.42858887
23.90000000,3.08407497,411.42858887
23.92000000,3.08407497,424.28576660
23.94000000,3.08407497,443.57147217
23.96000000,3.08407497,450.00006104
23.98000000,3.08407497,450.00006104
24.00000000,1.83274090,456.42858887
24.02000000,1.83274090,411.42858887
24.04000000,1.83274090,347.14288330
24.06000000,1.83274090,308.57144165
24.08000000,1.83274090,289.28573608
24.10000000,1.83274090,270.00000000
24.12000000,1.83274090,270.00000000
24.14000000,1.83274090,263.57147217
24.16000000,3.08407497,263.57147217
24.18000000,3.08407497,302.14288330
24.20000000,3.08407497,372.85717773
24.22000000,3.08407497,411.42858887
24.24000000,3.08407497,424.28576660
24.26000000,3.08407497,443.57147217
24.28000000,3.08407497,450.00006104
24.30000000,3.08407497,450.00006104
24.32000000,1.83274090,450.00006104
24.34000000,1.83274090,411.42858887
24.36000000,1.83274090,347.14288330
24.38000000,1.83274090,308.57144165
24.40000000,1.83274090,282.85714722
24.42000000,1.83274090,276.42858887
24.44000000,1.83274090,270.00000000
24.46000000,1.83274090,263.57147217
24.48000000,3.08407497,257.14288330
24.50000000,3.08407497,308.57144165
24.52000000,3.08407497,372.85717773
24.54000000,3.08407497,405.00003052
24.56000000,3.08407497,430.71432495
24.58000000,3.08407497,437.14291382
24.60000000,3.08407497,450.00006104
24.62000000,3.08407497,450.00006104
24.64000000,3.08407497,456.42858887
24.66000000,3.08407497,456.42858887
24.68000000,3.08407497,456.42858887
24.70000000,3.08407497,456.42858887
24.72000000,3.08407497,456.42858887
24.74000000,3.08407497,456.42858887
24.76000000,3.08407497,456.42858887
24.78000000,3.08407497,462.85714722
24.80000000,1.83274090,456.42858887
24.82000000,1.83274090,411.42858887
24.84000000,1.83274090,347.14288330
24.86000000,1.83274090,315.00003052
24.88000000,1.83274090,282.85714722
24.90000000,1.83274090,276.42858887
24.92000000,1.83274090,270.00000000
24.94000000,1.83274090,263.57147217
24.96000000,1.83274090,257.14288330
24.98000000,1.83274090,263.57147217
25.00000000,1.83274090,257.14288330
25.02000000,1.83274090,257.14288330
25.04000000,1.83274090,263.57147217
25.06000000,1.83274090,257.14288330
25.08000000,1.83274090,257.14288330
25.10000000,1.83274090,257.14288330
25.12000000,3.08407497,257.14288330
25.14000000,3.08407497,308.57144165
25.16000000,3.08407497,366.42858887
25.18000000,3.08407497,411.42858887
25.20000000,3.08407497,424.28576660
25.22000000,3.08407497,443.57147217
25.24000000,3.08407497,443.57147217
25.26000000,3.08407497,456.42858887
25.28000000,3.08407497,450.00006104
25.30000000,3.08407497,456.42858887
25.32000000,3.08407497,456.42858887
25.34000000,3.08407497,456.42858887
25.36000000,3.08407497,462.85714722
25.38000000,3.08407497,456.42858887
25.40000000,3.08407497,456.42858887
25.42000000,3.08407497,456.42858887
25.44000000,1.83274090,462.85714722
25.46000000,1.83274090,411.42858887
25.48000000,1.83274090,347.14288330
25.50000000,1.83274090,308.57144165
25.52000000,1.83274090,289.28573608
25.54000000,1.83274090,276.42858887
25.56000000,1.83274090,263.57147217
25.58000000,1.83274090,263.57147217
25.60000000,1.83274090,263.57147217
25.62000000,1.83274090,263.57147217
25.64000000,1.83274090,257.14288330
25.66000000,1.83274090,257.14288330
25.68000000,1.83274090,257.14288330
25.70000000,1.83274090,257.14288330
25.72000000,1.83274090,263.57147217
25.74000000,1.83274090,257.14288330
25.76000000,3.08407497,257.14288330
25.78000000,3.08407497,302.14288330
25.80000000,3.08407497,372.85717773
25.82000000,3.08407497,405.00003052
25.84000000,3.08407497,430.71432495
25.86000000,3.08407497,437.14291382
25.88000000,3.08407497,450.00006104
25.90000000,3.08407497,450.00006104
25.92000000,3.08407497,456.42858887
25.94000000,3.08407497,456.42858887
25.96000000,3.08407497,456.42858887
25.98000000,3.08407497,456.42858887
26.00000000,3.08407497,456.42858887
26.02000000,3.08407497,456.42858887
26.04000000,3.08407497,462.85714722
26.06000000,3.08407497,456.42858887
26.08000000,1.83274090,456.42858887
26.10000000,1.83274090,417.85717773
26.12000000,1.83274090,347.14288330
26.14000000,1.83274090,308.57144165
26.16000000,1.83274090,289.28573608
26.18000000,1.83274090,270.00000000
26.20000000,1.83274090,270.00000000
26.22000000,1.83274090,263.57147217
26.24000000,3.08407497,263.57147217
26.26000000,3.08407497,302.14288330
26.28000000,3.08407497,372.85717773
26.30000000,3.08407497,405.00003052
26.32000000,3.08407497,430.71432495
26.34000000,3.08407497,437.14291382
26.36000000,3.08407497,450.00006104
26.38000000,3.08407497,450.00006104
26.40000000,1.83274090,456.42858887
26.42000000,1.83274090,411.42858887
26.44000000,1.83274090,347.14288330
26.46000000,1.83274090,308.57144165
26.48000000,1.83274090,289.28573608
26.50000000,1.83274090,276.42858887
26.52000000,1.83274090,263.57147217
26.54000000,1.83274090,263.57147217
26.56000000,3.08407497,263.57147217
26.58000000,3.08407497,302.14288330
26.60000000,3.08407497,372.85717773
26.62000000,3.08407497,405.00003052
26.64000000,3.08407497,430.71432495
26.66000000,3.08407497,437.14291382
26.68000000,3.08407497,450.00006104
26.70000000,3.08407497,450.00006104
26.72000000,3.08407497,456.42858887
26.74000000,3.08407497,456.42858887
26.76000000,3.08407497,456.42858887
26.78000000,3.08407497,456.42858887
26.80000000,3.08407497,462.85714722
26.82000000,3.08407497,456.42858887
26.84000000,3.08407497,456.42858887
26.86000000,3.08407497,456.42858887
26.88000000,1.83274090,462.85714722
26.90000000,1.83274090,411.42858887
26.92000000,1.83274090,347.14288330
26.94000000,1.83274090,308.57144165
26.96000000,1.83274090,289.28573608
26.98000000,1.83274090,276.42858887
27.00000000,1.83274090,263.57147217
27.02000000,1.83274090,270.00000000
27.04000000,1.83274090,257.14288330
27.06000000,1.83274090,263.57147217
27.08000000,1.83274090,257.14288330
27.10000000,1.83274090,257.14288330
27.12000000,1.83274090,263.57147217
27.14000000,1.83274090,257.14288330
27.16000000,1.83274090,257.14288330
27.18000000,1.83274090,257.14288330
27.20000000,1.83274090,257.14288330
27.22000000,1.83274090,263.57147217
27.24000000,1.83274090,257.14288330
27.26000000,1.83274090,257.14288330
27.28000000,1.83274090,257.14288330
27.30000000,1.83274090,257.14288330
27.32000000,1.83274090,257.14288330
27.34000000,1.83274090,263.57147217
27.36000000,1.83274090,257.14288330
27.38000000,1.83274090,257.14288330
27.40000000,1.83274090,257.14288330
27.42000000,1.83274090,257.14288330
27.44000000,1.83274090,257.14288330
27.46000000,1.83274090,257.14288330
27.48000000,1.83274090,263.57147217
27.50000000,1.83274090,257.14288330
27.52000000,1.83274090,257.14288330
27.54000000,1.83274090,257.14288330
27.56000000,1.83274090,257.14288330
27.58000000,1.83274090,257.14288330
27.60000000,1.83274090,263.57147217
27.62000000,1.83274090,257.14288330
27.64000000,1.83274090,257.14288330
27.66000000,1.83274090,257.14288330
27.68000000,3.08407497,257.14288330
27.70000000,3.08407497,302.14288330
27.72000000,3.08407497,366.42858887
27.74000000,3.08407497,405.00003052
27.76000000,3.08407497,430.71432495
27.78000000,3.08407497,443.57147217
27.80000000,3.08407497,450.00006104
27.82000000,3.08407497,450.00006104
27.84000000,1.83274090,456.42858887
27.86000000,1.83274090,411.42858887
27.88000000,1.83274090,347.14288330
27.90000000,1.83274090,308.57144165
27.92000000,1.83274090,289.28573608
27.94000000,1.83274090,276.42858887
27.96000000,1.83274090,270.00000000
27.98000000,1.83274090,263.57147217
28.00000000,3.08407497,257.14288330
28.02000000,3.08407497,302.14288330
28.04000000,3.08407497,366.42858887
28.06000000,3.08407497,411.42858887
28.08000000,3.08407497,430.71432495
28.10000000,3.08407497,437.14291382
28.12000000,3.08407497,450.00006104
28.14000000,3.08407497,456.42858887
28.16000000,3.08407497,450.00006104
28.18000000,3.08407497,456.42858887
28.20000000,3.08407497,456.42858887
28.22000000,3.08407497,462.85714722
28.24000000,3.08407497,456.42858887
28.26000000,3.08407497,456.42858887
28.28000000,3.08407497,462.85714722
28.30000000,3.08407497,456.42858887
28.32000000,1.83274090,456.42858887
28.34000000,1.83274090,411.42858887
28.36000000,1.83274090,353.57144165
28.38000000,1.83274090,308.57144165
28.40000000,1.83274090,289.28573608
28.42000000,1.83274090,270.00000000
28.44000000,1.83274090,270.00000000
28.46000000,1.83274090,263.57147217
28.48000000,1.83274090,263.57147217
28.50000000,1.83274090,257.14288330
28.52000000,1.83274090,263.57147217
28.54000000,1.83274090,257.14288330
28.56000000,1.83274090,257.14288330
28.58000000,1.83274090,257.14288330
28.60000000,1.83274090,263.57147217
28.62000000,1.83274090,257.14288330
28.64000000,1.83274090,257.14288330
28.66000000,1.83274090,257.14288330
28.68000000,1.83274090,257.14288330
28.70000000,1.83274090,257.14288330
28.72000000,1.83274090,263.57147217
28.74000000,1.83274090,257.14288330
28.76000000,1.83274090,257.14288330
28.78000000,1.83274090,257.14288330
28.80000000,3.08407497,257.14288330
28.82000000,3.08407497,308.57144165
28.84000000,3.08407497,366.42858887
28.86000000,3.08407497,411.42858887
28.88000000,3.08407497,424.28576660
28.90000000,3.08407497,443.57147217
28.92000000,3.08407497,443.57147217
28.94000000,3.08407497,456.42858887
28.96000000,3.08407497,456.42858887
28.98000000,3.08407497,456.42858887
29.00000000,3.08407497,456.42858887
29.02000000,3.08407497,456.42858887
29.04000000,3.08407497,456.42858887
29.06000000,3.08407497,456.42858887
29.08000000,3.08407497,462.85714722
29.10000000,3.08407497,456.42858887
29.12000000,3.08407497,456.42858887
29.14000000,3.08407497,456.42858887
29.16000000,3.08407497,462.85714722
29.18000000,3.08407497,456.42858887
29.20000000,3.08407497,456.42858887
29.22000000,3.08407497,462.85714722
29.24000000,3.08407497,456.42858887
29.26000000,3.08407497,456.42858887
29.28000000,3.08407497,462.85714722
29.30000000,3.08407497,456.42858887
29.32000000,3.08407497,456.42858887
29.34000000,3.08407497,462.85714722
29.36000000,3.08407497,456.42858887
29.38000000,3.08407497,456.42858887
29.40000000,3.08407497,456.42858887
29.42000000,3.08407497,456.42858887
29.44000000,1.83274090,462.85714722
29.46000000,1.83274090,411.42858887
29.48000000,1.83274090,353.57144165
29.50000000,1.83274090,308.57144165
29.52000000,1.83274090,289.28573608
29.54000000,1.83274090,276.42858887
29.56000000,1.83274090,263.57147217
29.58000000,1.83274090,263.57147217
29.60000000,3.08407497,263.57147217
29.62000000,3.08407497,302.14288330
29.64000000,3.08407497,372.85717773
29.66000000,3.08407497,405.00003052
29.68000000,3.08407497,430.71432495
29.70000000,3.08407497,443.57147217
29.72000000,3.08407497,450.00006104
29.74000000,3.08407497,450.00006104
29.76000000,3.08407497,456.42858887
29.78000000,3.08407497,456.42858887
29.80000000,3.08407497,456.42858887
29.82000000,3.08407497,456.42858887
29.84000000,3.08407497,456.42858887
29.86000000,3.08407497,462.85714722
29.88000000,3.08407497,456.42858887
29.90000000,3.08407497,456.42858887
29.92000000,3.08407497,462.85714722
29.94000000,3.08407497,456.42858887
29.96000000,3.08407497,456.42858887
29.98000000,3.08407497,462.85714722
30.00000000,3.08407497,456.42858887
30.02000000,3.08407497,456.42858887
30.04000000,3.08407497,462.85714722
30.06000000,3.08407497,456.42858887
30.08000000,1.83274090,456.42858887
30.10000000,1.83274090,417.85717773
30.12000000,1.83274090,347.14288330
30.14000000,1.83274090,308.57144165
30.16000000,1.83274090,289.28573608
30.18000000,1.83274090,276.42858887
30.20000000,1.83274090,270.00000000
30.22000000,1.83274090,263.57147217
30.24000000,1.83274090,263.57147217
30.26000000,1.83274090,257.14288330
30.28000000,1.83274090,263.57147217
30.30000000,1.83274090,257.14288330
30.32000000,1.83274090,257.14288330
30.34000000,1.83274090,257.14288330
30.36000000,1.83274090,263.57147217
30.38000000,1.83274090,257.14288330
30.40000000,3.08407497,257.14288330
30.42000000,3.08407497,302.14288330
30.44000000,3.08407497,372.85717773
30.46000000,3.08407497,405.00003052
30.48000000,3.08407497,430.71432495
30.50000000,3.08407497,443.57147217
30.52000000,3.08407497,450.00006104
30.54000000,3.08407497,450.00006104
30.56000000,1.83274090,456.42858887
30.58000000,1.83274090,411.42858887
30.60000000,1.83274090,347.14288330
30.62000000,1.83274090,315.00003052
30.64000000,1.83274090,282.85714722
30.66000000,1.83274090,276.42858887
30.68000000,1.83274090,270.00000000
30.70000000,1.83274090,263.57147217
30.72000000,1.83274090,263.57147217
30.74000000,1.83274090,257.14288330
30.76000000,1.83274090,257.14288330
30.78000000,1.83274090,257.14288330
30.80000000,1.83274090,257.14288330
30.82000000,1.83274090,257.14288330
30.84000000,1.83274090,257.14288330
30.86000000,1.83274090,257.14288330
30.88000000,3.08407497,263.57147217
30.90000000,3.08407497,302.14288330
30.92000000,3.08407497,366.42858887
30.94000000,3.08407497,411.42858887
30.96000000,3.08407497,430.71432495
30.98000000,3.08407497,437.14291382
31.00000000,3.08407497,450.00006104
31.02000000,3.08407497,450.00006104
31.04000000,3.08407497,456.42858887
31.06000000,3.08407497,456.42858887
31.08000000,3.08407497,456.42858887
31.10000000,3.08407497,462.85714722
31.12000000,3.08407497,456.42858887
31.14000000,3.08407497,456.42858887
31.16000000,3.08407497,462.85714722
31.18000000,3.08407497,456.42858887
31.20000000,1.83274090,456.42858887
31.22000000,1.83274090,417.85717773
31.24000000,1.83274090,347.14288330
31.26000000,1.83274090,308.57144165
31.28000000,1.83274090,289.28573608
31.30000000,1.83274090,276.42858887
31.32000000,1.83274090,263.57147217
31.34000000,1.83274090,263.57147217
31.36000000,3.08407497,263.57147217
31.38000000,3.08407497,302.14288330
31.40000000,3.08407497,366.42858887
31.42000000,3.08407497,411.42858887
31.44000000,3.08407497,424.28576660
31.46000000,3.08407497,437.14291382
31.48000000,3.08407497,450.00006104
31.50000000,3.08407497,450.00006104
31.52000000,3.08407497,456.42858887
31.54000000,3.08407497,456.42858887
31.56000000,3.08407497,456.42858887
31.58000000,3.08407497,456.42858887
31.60000000,3.08407497,462.85714722
31.62000000,3.08407497,456.42858887
31.64000000,3.08407497,456.42858887
31.66000000,3.08407497,462.85714722
31.68000000,3.08407497,456.42858887
31.70000000,3.08407497,456.42858887
31.72000000,3.08407497,462.85714722
31.74000000,3.08407497,456.42858887
31.76000000,3.08407497,456.42858887
31.78000000,3.08407497,462.85714722
31.80000000,3.08407497,456.42858887
31.82000000,3.08407497,456.42858887
31.84000000,1.83274090,462.85714722
31.86000000,1.83274090,411.42858887
31.88000000,1.83274090,353.57144165
31.90000000,1.83274090,308.57144165
31.92000000,1.83274090,289.28573608
31.94000000,1.83274090,276.42858887
31.96000000,1.83274090,270.00000000
31.98000000,1.83274090,263.57147217
32.00000000,3.08407497,257.14288330
32.02000000,3.08407497,308.57144165
32.04000000,3.08407497,372.85717773
32.06000000,3.08407497,405.00003052
32.08000000,3.08407497,430.71432495
32.10000000,3.08407497,437.14291382
32.12000000,3.08407497,450.00006104
32.14000000,3.08407497,456.42858887
32.16000000,1.83274090,456.42858887
32.18000000,1.83274090,411.42858887
32.20000000,1.83274090,347.14288330
32.22000000,1.83274090,308.57144165
32.24000000,1.83274090,289.28573608
32.26000000,1.83274090,270.00000000
32.28000000,1.83274090,270.00000000
32.30000000,1.83274090,263.57147217
32.32000000,3.08407497,263.57147217
32.34000000,3.08407497,302.14288330
32.36000000,3.08407497,372.85717773
32.38000000,3.08407497,405.00003052
32.40000000,3.08407497,430.71432495
32.42000000,3.08407497,437.14291382
32.44000000,3.08407497,450.00006104
32.46000000,3.08407497,450.00006104
32.48000000,3.08407497,456.42858887
32.50000000,3.08407497,456.42858887
32.52000000,3.08407497,456.42858887
32.54000000,3.08407497,456.42858887
32.56000000,3.08407497,456.42858887
32.58000000,3.08407497,456.42858887
32.60000000,3.08407497,456.42858887
32.62000000,3.08407497,456.42858887
32.64000000,1.83274090,462.85714722
32.66000000,1.83274090,411.42858887
32.68000000,1.83274090,347.14288330
32.70000000,1.83274090,308.57144165
32.72000000,1.83274090,289.28573608
32.74000000,1.83274090,276.42858887
32.76000000,1.83274090,270.00000000
32.78000000,1.83274090,263.57147217
32.80000000,1.83274090,257.14288330
32.82000000,1.83274090,263.57147217
32.84000000,1.83274090,257.14288330
32.86000000,1.83274090,257.14288330
32.88000000,1.83274090,263.57147217
32.90000000,1.83274090,257.14288330
32.92000000,1.83274090,257.14288330
32.94000000,1.83274090,257.14288330
32.96000000,3.08407497,257.14288330
32.98000000,3.08407497,308.57144165
33.00000000,3.08407497,366.42858887
33.02000000,3.08407497,405.00003052
33.04000000,3.08407497,424.28576660
33.06000000,3.08407497,437.14291382
33.08000000,3.08407497,450.00006104
33.10000000,3.08407497,450.00006104
33.12000000,1.83274090,456.42858887
33.14000000,1.83274090,411.42858887
33.16000000,1.83274090,347.14288330
33.18000000,1.83274090,308.57144165
33.20000000,1.83274090,289.28573608
33.22000000,1.83274090,276.42858887
33.24000000,1.83274090,263.57147217
33.26000000,1.83274090,263.57147217
33.28000000,1.83274090,257.14288330
33.30000000,1.83274090,263.57147217
33.32000000,1.83274090,257.14288330
33.34000000,1.83274090,257.14288330
33.36000000,1.83274090,263.57147217
33.38000000,1.83274090,257.14288330
33.40000000,1.83274090,257.14288330
33.42000000,1.83274090,257.14288330
33.44000000,1.83274090,257.14288330
33.46000000,1.83274090,263.57147217
33.48000000,1.83274090,257.14288330
33.50000000,1.83274090,257.14288330
33.52000000,1.83274090,257.14288330
33.54000000,1.83274090,263.57147217
33.56000000,1.83274090,257.14288330
33.58000000,1.83274090,257.14288330
33.60000000,1.83274090,257.14288330
33.62000000,1.83274090,257.14288330
33.64000000,1.83274090,257.14288330
33.66000000,1.83274090,263.57147217
33.68000000,1.83274090,257.14288330
33.70000000,1.83274090,257.14288330
33.72000000,1.83274090,257.14288330
33.74000000,1.83274090,263.57147217
33.76000000,3.08407497,257.14288330
33.78000000,3.08407497,302.14288330
33.80000000,3.08407497,366.42858887
33.82000000,3.08407497,411.42858887
33.84000000,3.08407497,430.71432495
33.86000000,3.08407497,437.14291382
33.88000000,3.08407497,450.00006104
33.90000000,3.08407497,456.42858887
33.92000000,1.83274090,450.00006104
33.94000000,1.83274090,411.42858887
33.96000000,1.83274090,347.14288330
33.98000000,1.83274090,308.57144165
34.00000000,1.83274090,289.28573608
34.02000000,1.83274090,270.00000000
34.04000000,1.83274090,270.00000000
34.06000000,1.83274090,263.57147217
34.08000000,1.83274090,263.57147217
34.10000000,1.83274090,257.14288330
34.12000000,1.83274090,263.57147217
34.14000000,1.83274090,257.14288330
34.16000000,1.83274090,257.14288330
34.18000000,1.83274090,263.57147217
34.20000000,1.83274090,257.14288330
34.22000000,1.83274090,257.14288330
34.24000000,1.83274090,257.14288330
34.26000000,1.83274090,257.14288330
34.28000000,1.83274090,263.57147217
34.30000000,1.83274090,257.14288330
34.32000000,1.83274090,257.14288330
34.34000000,1.83274090,257.14288330
34.36000000,1.83274090,263.57147217
34.38000000,1.83274090,257.14288330
34.40000000,3.08407497,257.14288330
34.42000000,3.08407497,302.14288330
34.44000000,3.08407497,372.85717773
34.46000000,3.08407497,405.00003052
34.48000000,3.08407497,424.28576660
34.50000000,3.08407497,437.14291382
34.52000000,3.08407497,450.00006104
34.54000000,3.08407497,450.00006104
34.56000000,1.83274090,456.42858887
34.58000000,1.83274090,411.42858887
34.60000000,1.83274090,347.14288330
34.62000000,1.83274090,308.57144165
34.64000000,1.83274090,289.28573608
34.66000000,1.83274090,276.42858887
34.68000000,1.83274090,270.00000000
34.70000000,1.83274090,263.57147217
34.72000000,3.08407497,263.57147217
34.74000000,3.08407497,302.14288330
34.76000000,3.08407497,366.42858887
34.78000000,3.08407497,411.42858887
34.80000000,3.08407497,424.28576660
34.82000000,3.08407497,437.14291382
34.84000000,3.08407497,450.00006104
34.86000000,3.08407497,450.00006104
34.88000000,1.83274090,456.42858887
34.90000000,1.83274090,411.42858887
34.92000000,1.83274090,353.57144165
34.94000000,1.83274090,308.57144165
34.96000000,1.83274090,282.85714722
34.98000000,1.83274090,276.42858887
35.00000000,1.83274090,270.00000000
35.02000000,1.83274090,263.57147217
35.04000000,3.08407497,263.57147217
35.06000000,3.08407497,302.14288330
35.08000000,3.08407497,372.85717773
35.10000000,3.08407497,405.00003052
35.12000000,3.08407497,424.28576660
35.14000000,3.08407497,443.57147217
35.16000000,3.08407497,450.00006104
35.18000000,3.08407497,450.00006104
35.20000000,1.83274090,456.42858887
35.22000000,1.83274090,411.42858887
35.24000000,1.83274090,347.14288330
35.26000000,1.83274090,308.57144165
35.28000000,1.83274090,289.28573608
35.30000000,1.83274090,276.42858887
35.32000000,1.83274090,263.57147217
35.34000000,1.83274090,270.00000000
35.36000000,1.83274090,257.14288330
35.38000000,1.83274090,263.57147217
35.40000000,1.83274090,257.14288330
35.42000000,1.83274090,263.57147217
35.44000000,1.83274090,257.14288330
35.46000000,1.83274090,257.14288330
35.48000000,1.83274090,257.14288330
35.50000000,1.83274090,257.14288330
35.52000000,1.83274090,263.57147217
35.54000000,1.83274090,257.14288330
35.56000000,1.83274090,257.14288330
35.58000000,1.83274090,257.14288330
35.60000000,1.83274090,263.57147217
35.62000000,1.83274090,257.14288330
35.64000000,1.83274090,257.14288330
35.66000000,1.83274090,257.14288330
35.68000000,3.08407497,257.14288330
35.70000000,3.08407497,308.57144165
35.72000000,3.08407497,366.42858887
35.74000000,3.08407497,405.00003052
35.76000000,3.08407497,430.71432495
35.78000000,3.08407497,437.14291382
35.80000000,3.08407497,450.00006104
35.82000000,3.08407497,450.00006104
35.84000000,3.08407497,456.42858887
35.86000000,3.08407497,456.42858887
35.88000000,3.08407497,456.42858887
35.90000000,3.08407497,456.42858887
35.92000000,3.08407497,462.85714722
35.94000000,3.08407497,456.42858887
35.96000000,3.08407497,456.42858887
35.98000000,3.08407497,462.85714722
36.00000000,1.83274090,456.42858887
36.02000000,1.83274090,411.42858887
36.04000000,1.83274090,347.14288330
36.06000000,1.83274090,315.00003052
36.08000000,1.83274090,289.28573608
36.10000000,1.83274090,270.00000000
36.12000000,1.83274090,270.00000000
36.14000000,1.83274090,263.57147217
36.16000000,1.83274090,263.57147217
36.18000000,1.83274090,257.14288330
36.20000000,1.83274090,263.57147217
36.22000000,1.83274090,257.14288330
36.24000000,1.83274090,257.14288330
36.26000000,1.83274090,263.57147217
36.28000000,1.83274090,257.14288330
36.30000000,1.83274090,257.14288330
36.32000000,3.08407497,257.14288330
36.34000000,3.08407497,302.14288330
36.36000000,3.08407497,366.42858887
36.38000000,3.08407497,411.42858887
36.40000000,3.08407497,424.28576660
36.42000000,3.08407497,437.14291382
36.44000000,3.08407497,450.00006104
36.46000000,3.08407497,450.00006104
36.48000000,3.08407497,456.42858887
36.50000000,3.08407497,456.42858887
36.52000000,3.08407497,456.42858887
36.54000000,3.08407497,456.42858887
36.56000000,3.08407497,462.85714722
36.58000000,3.08407497,456.42858887
36.60000000,3.08407497,456.42858887
36.62000000,3.08407497,462.85714722
36.64000000,1.83274090,456.42858887
36.66000000,1.83274090,417.85717773
36.68000000,1.83274090,347.14288330
36.70000000,1.83274090,308.57144165
36.72000000,1.83274090,289.28573608
36.74000000,1.83274090,276.42858887
36.76000000,1.83274090,270.00000000
36.78000000,1.83274090,263.57147217
36.80000000,1.83274090,263.57147217
36.82000000,1.83274090,263.57147217
36.84000000,1.83274090,257.14288330
36.86000000,1.83274090,257.14288330
36.88000000,1.83274090,263.57147217
36.90000000,1.83274090,257.14288330
36.92000000,1.83274090,257.14288330
36.94000000,1.83274090,257.14288330
36.96000000,1.83274090,257.14288330
36.98000000,1.83274090,263.57147217
37.00000000,1.83274090,257.14288330
37.02000000,1.83274090,257.14288330
37.04000000,1.83274090,257.14288330
37.06000000,1.83274090,257.14288330
37.08000000,1.83274090,263.57147217
37.10000000,1.83274090,257.14288330
37.12000000,3.08407497,257.14288330
37.14000000,3.08407497,302.14288330
37.16000000,3.08407497,366.42858887
37.18000000,3.08407497,411.42858887
37.20000000,3.08407497,424.28576660
37.22000000,3.08407497,443.57147217
37.24000000,3.08407497,450.00006104
37.26000000,3.08407497,450.00006104
37.28000000,1.83274090,456.42858887
37.30000000,1.83274090,411.42858887
37.32000000,1.83274090,353.57144165
37.34000000,1.83274090,308.57144165
37.36000000,1.83274090,289.28573608
37.38000000,1.83274090,276.42858887
37.40000000,1.83274090,270.00000000
37.42000000,1.83274090,263.57147217
37.44000000,1.83274090,257.14288330
37.46000000,1.83274090,263.57147217
37.48000000,1.83274090,257.14288330
37.50000000,1.83274090,263.57147217
37.52000000,1.83274090,257.14288330
37.54000000,1.83274090,257.14288330
37.56000000,1.83274090,263.57147217
37.58000000,1.83274090,257.14288330
37.60000000,1.83274090,257.14288330
37.62000000,1.83274090,257.14288330
37.64000000,1.83274090,263.57147217
37.66000000,1.83274090,257.14288330
37.68000000,1.83274090,257.14288330
37.70000000,1.83274090,257.14288330
37.72000000,1.83274090,257.14288330
37.74000000,1.83274090,257.14288330
37.76000000,3.08407497,263.57147217
37.78000000,3.08407497,302.14288330
37.80000000,3.08407497,372.85717773
37.82000000,3.08407497,405.00003052
37.84000000,3.08407497,430.71432495
37.86000000,3.08407497,437.14291382
37.88000000,3.08407497,450.00006104
37.90000000,3.08407497,450.00006104
37.92000000,1.83274090,456.42858887
37.94000000,1.83274090,417.85717773
37.96000000,1.83274090,347.14288330
37.98000000,1.83274090,308.57144165
38.00000000,1.83274090,289.28573608
38.02000000,1.83274090,276.42858887
38.04000000,1.83274090,263.57147217
38.06000000,1.83274090,263.57147217
38.08000000,1.83274090,263.57147217
38.10000000,1.83274090,263.57147217
38.12000000,1.83274090,257.14288330
38.14000000,1.83274090,257.14288330
38.16000000,1.83274090,263.57147217
38.18000000,1.83274090,257.14288330
38.20000000,1.83274090,257.14288330
38.22000000,1.83274090,263.57147217
38.24000000,1.83274090,257.14288330
38.26000000,1.83274090,257.14288330
38.28000000,1.83274090,257.14288330
38.30000000,1.83274090,257.14288330
38.32000000,1.83274090,263.57147217
38.34000000,1.83274090,257.14288330
38.36000000,1.83274090,257.14288330
38.38000000,1.83274090,257.14288330
38.40000000,3.08407497,263.57147217
38.42000000,3.08407497,302.14288330
38.44000000,3.08407497,366.42858887
38.46000000,3.08407497,405.00003052
38.48000000,3.08407497,430.71432495
38.50000000,3.08407497,437.14291382
38.52000000,3.08407497,443.57147217
38.54000000,3.08407497,450.00006104
38.56000000,3.08407497,456.42858887
38.58000000,3.08407497,456.42858887
38.60000000,3.08407497,456.42858887
38.62000000,3.08407497,456.42858887
38.64000000,3.08407497,456.42858887
38.66000000,3.08407497,462.85714722
38.68000000,3.08407497,456.42858887
38.70000000,3.08407497,462.85714722
38.72000000,1.83274090,456.42858887
38.74000000,1.83274090,411.42858887
38.76000000,1.83274090,347.14288330
38.78000000,1.83274090,315.00003052
38.80000000,1.83274090,289.28573608
38.82000000,1.83274090,276.42858887
38.84000000,1.83274090,263.57147217
38.86000000,1.83274090,263.57147217
38.88000000,1.83274090,263.57147217
38.90000000,1.83274090,263.57147217
38.92000000,1.83274090,257.14288330
38.94000000,1.83274090,257.14288330
38.96000000,1.83274090,257.14288330
38.98000000,1.83274090,263.57147217
39.00000000,1.83274090,257.14288330
39.02000000,1.83274090,257.14288330
39.04000000,1.83274090,263.57147217
39.06000000,1.83274090,257.14288330
39.08000000,1.83274090,257.14288330
39.10000000,1.83274090,257.14288330
39.12000000,1.83274090,257.14288330
39.14000000,1.83274090,263.57147217
39.16000000,1.83274090,257.14288330
39.18000000,1.83274090,257.14288330
39.20000000,3.08407497,257.14288330
39.22000000,3.08407497,302.14288330
39.24000000,3.08407497,366.42858887
39.26000000,3.08407497,405.00003052
39.28000000,3.08407497,430.71432495
39.30000000,3.08407497,437.14291382
39.32000000,3.08407497,450.00006104
39.34000000,3.08407497,450.00006104
39.36000000,1.83274090,456.42858887
39.38000000,1.83274090,411.42858887
39.40000000,1.83274090,347.14288330
39.42000000,1.83274090,308.57144165
39.44000000,1.83274090,289.28573608
39.46000000,1.83274090,276.42858887
39.48000000,1.83274090,270.00000000
39.50000000,1.83274090,257.14288330
39.52000000,3.08407497,263.57147217
39.54000000,3.08407497,308.57144165
39.56000000,3.08407497,366.42858887
39.58000000,3.08407497,405.00003052
39.60000000,3.08407497,430.71432495
39.62000000,3.08407497,437.14291382
39.64000000,3.08407497,450.00006104
39.66000000,3.08407497,450.00006104
39.68000000,1.83274090,456.42858887
39.70000000,1.83274090,411.42858887
39.72000000,1.83274090,347.14288330
39.74000000,1.83274090,308.57144165
39.76000000,1.83274090,289.28573608
39.78000000,1.83274090,276.42858887
39.80000000,1.83274090,263.57147217
39.82000000,1.83274090,270.00000000
39.84000000,3.08407497,257.14288330
39.86000000,3.08407497,308.57144165
39.88000000,3.08407497,366.42858887
39.90000000,3.08407497,405.00003052
39.92000000,3.08407497,430.71432495
39.94000000,3.08407497,437.14291382
39.96000000,3.08407497,450.00006104
39.98000000,3.08407497,450.00006104
40.00000000,3.08407497,456.42858887
40.02000000,3.08407497,456.42858887
40.04000000,3.08407497,456.42858887
40.06000000,3.08407497,462.85714722
40.08000000,3.08407497,456.42858887
40.10000000,3.08407497,456.42858887
40.12000000,3.08407497,462.85714722
40.14000000,3.08407497,456.42858887
40.16000000,1.83274090,456.42858887
40.18000000,1.83274090,417.85717773
40.20000000,1.83274090,347.14288330
40.22000000,1.83274090,308.57144165
40.24000000,1.83274090,289.28573608
40.26000000,1.83274090,282.85714722
40.28000000,1.83274090,263.57147217
40.30000000,1.83274090,263.57147217
40.32000000,1.83274090,263.57147217
40.34000000,1.83274090,257.14288330
40.36000000,1.83274090,257.14288330
40.38000000,1.83274090,263.57147217
40.40000000,1.83274090,257.14288330
40.42000000,1.83274090,257.14288330
40.44000000,1.83274090,257.14288330
40.46000000,1.83274090,263.57147217
40.48000000,1.83274090,257.14288330
40.50000000,1.83274090,257.14288330
40.52000000,1.83274090,257.14288330
40.54000000,1.83274090,257.14288330
40.56000000,1.83274090,263.57147217
40.58000000,1.83274090,257.14288330
40.60000000,1.83274090,257.14288330
40.62000000,1.83274090,257.14288330
40.64000000,3.08407497,263.57147217
40.66000000,3.08407497,302.14288330
40.68000000,3.08407497,366.42858887
40.70000000,3.08407497,411.42858887
40.72000000,3.08407497,424.28576660
40.74000000,3.08407497,443.57147217
40.76000000,3.08407497,450.00006104
40.78000000,3.08407497,456.42858887
40.80000000,1.83274090,450.00006104
40.82000000,1.83274090,417.85717773
40.84000000,1.83274090,347.14288330
40.86000000,1.83274090,308.57144165
40.88000000,1.83274090,289.28573608
40.90000000,1.83274090,276.42858887
40.92000000,1.83274090,270.00000000
40.94000000,1.83274090,263.57147217
40.96000000,3.08407497,257.14288330
40.98000000,3.08407497,308.57144165
41.00000000,3.08407497,372.85717773
41.02000000,3.08407497,405.00003052
41.04000000,3.08407497,430.71432495
41.06000000,3.08407497,437.14291382
41.08000000,3.08407497,450.00006104
41.10000000,3.08407497,450.00006104
41.12000000,3.08407497,456.42858887
41.14000000,3.08407497,456.42858887
41.16000000,3.08407497,456.42858887
41.18000000,3.08407497,456.42858887
41.20000000,3.08407497,462.85714722
41.22000000,3.08407497,456.42858887
41.24000000,3.08407497,456.42858887
41.26000000,3.08407497,456.42858887
41.28000000,3.08407497,462.85714722
41.30000000,3.08407497,456.42858887
41.32000000,3.08407497,462.85714722
41.34000000,3.08407497,456.42858887
41.36000000,3.08407497,456.42858887
41.38000000,3.08407497,462.85714722
41.40000000,3.08407497,456.42858887
41.42000000,3.08407497,456.42858887
41.44000000,3.08407497,462.85714722
41.46000000,3.08407497,456.42858887
41.48000000,3.08407497,462.85714722
41.50000000,3.08407497,456.42858887
41.52000000,3.08407497,462.85714722
41.54000000,3.08407497,456.42858887
41.56000000,3.08407497,456.42858887
41.58000000,3.08407497,462.85714722
41.60000000,3.08407497,456.42858887
41.62000000,3.08407497,462.85714722
41.64000000,3.08407497,456.42858887
41.66000000,3.08407497,456.42858887
41.68000000,3.08407497,462.85714722
41.70000000,3.08407497,456.42858887
41.72000000,3.08407497,462.85714722
41.74000000,3.08407497,456.42858887
41.76000000,1.83274090,456.42858887
41.78000000,1.83274090,417.85717773
41.80000000,1.83274090,353.57144165
41.82000000,1.83274090,308.57144165
41.84000000,1.83274090,289.28573608
41.86000000,1.83274090,276.42858887
41.88000000,1.83274090,270.00000000
41.90000000,1.83274090,257.14288330
41.92000000,1.83274090,263.57147217
41.94000000,1.83274090,263.57147217
41.96000000,1.83274090,257.14288330
41.98000000,1.83274090,257.14288330
42.00000000,1.83274090,263.57147217
42.02000000,1.83274090,257.14288330
42.04000000,1.83274090,257.14288330
42.06000000,1.83274090,257.14288330
42.08000000,1.83274090,257.14288330
42.10000000,1.83274090,263.57147217
42.12000000,1.83274090,257.14288330
42.14000000,1.83274090,257.14288330
42.16000000,1.83274090,257.14288330
42.18000000,1.83274090,257.14288330
42.20000000,1.83274090,263.57147217
42.22000000,1.83274090,257.14288330
42.24000000,1.83274090,257.14288330
42.26000000,1.83274090,257.14288330
42.28000000,1.83274090,263.57147217
42.30000000,1.83274090,257.14288330
42.32000000,1.83274090,257.14288330
42.34000000,1.83274090,257.14288330
42.36000000,1.83274090,257.14288330
42.38000000,1.83274090,257.14288330
42.40000000,3.08407497,263.57147217
42.42000000,3.08407497,302.14288330
42.44000000,3.08407497,366.42858887
42.46000000,3.08407497,405.00003052
42.48000000,3.08407497,430.71432495
42.50000000,3.08407497,443.57147217
42.52000000,3.08407497,450.00006104
42.54000000,3.08407497,450.00006104
42.56000000,1.83274090,456.42858887
42.58000000,1.83274090,417.85717773
42.60000000,1.83274090,347.14288330
42.62000000,1.83274090,308.57144165
42.64000000,1.83274090,289.28573608
42.66000000,1.83274090,276.42858887
42.68000000,1.83274090,270.00000000
42.70000000,1.83274090,263.57147217
42.72000000,1.83274090,263.57147217
42.74000000,1.83274090,257.14288330
42.76000000,1.83274090,257.14288330
42.78000000,1.83274090,263.57147217
42.80000000,1.83274090,257.14288330
42.82000000,1.83274090,257.14288330
42.84000000,1.83274090,263.57147217
42.86000000,1.83274090,257.14288330
42.88000000,3.08407497,257.14288330
42.90000000,3.08407497,302.14288330
42.92000000,3.08407497,372.85717773
42.94000000,3.08407497,405.00003052
42.96000000,3.08407497,424.28576660
42.98000000,3.08407497,443.57147217
43.00000000,3.08407497,450.00006104
43.02000000,3.08407497,450.00006104
43.04000000,1.83274090,456.42858887
43.06000000,1.83274090,411.42858887
43.08000000,1.83274090,347.14288330
43.10000000,1.83274090,308.57144165
43.12000000,1.83274090,289.28573608
43.14000000,1.83274090,276.42858887
43.16000000,1.83274090,270.00000000
43.18000000,1.83274090,263.57147217
43.20000000,1.83274090,263.57147217
43.22000000,1.83274090,257.14288330
43.24000000,1.83274090,263.57147217
43.26000000,1.83274090,257.14288330
43.28000000,1.83274090,257.14288330
43.30000000,1.83274090,263.57147217
43.32000000,1.83274090,257.14288330
43.34000000,1.83274090,257.14288330
43.36000000,1.83274090,257.14288330
43.38000000,1.83274090,257.14288330
43.40000000,1.83274090,257.14288330
43.42000000,1.83274090,257.14288330
43.44000000,1.83274090,257.14288330
43.46000000,1.83274090,257.14288330
43.48000000,1.83274090,257.14288330
43.50000000,1.83274090,263.57147217
43.52000000,3.08407497,257.14288330
43.54000000,3.08407497,302.14288330
43.56000000,3.08407497,366.42858887
43.58000000,3.08407497,405.00003052
43.60000000,3.08407497,430.71432495
43.62000000,3.08407497,437.14291382
43.64000000,3.08407497,450.00006104
43.66000000,3.08407497,450.00006104
43.68000000,3.08407497,456.42858887
43.70000000,3.08407497,456.42858887
43.72000000,3.08407497,456.42858887
43.74000000,3.08407497,456.42858887
43.76000000,3.08407497,462.85714722
43.78000000,3.08407497,456.42858887
43.80000000,3.08407497,456.42858887
43.82000000,3.08407497,462.85714722
43.84000000,3.08407497,456.42858887
43.86000000,3.08407497,462.85714722
43.88000000,3.08407497,456.42858887
43.90000000,3.08407497,462.85714722
43.92000000,3.08407497,456.42858887
43.94000000,3.08407497,456.42858887
43.96000000,3.08407497,462.85714722
43.98000000,3.08407497,456.42858887
44.00000000,3.08407497,456.42858887
44.02000000,3.08407497,462.85714722
44.04000000,3.08407497,456.42858887
44.06000000,3.08407497,456.42858887
44.08000000,3.08407497,462.85714722
44.10000000,3.08407497,456.42858887
44.12000000,3.08407497,462.85714722
44.14000000,3.08407497,456.42858887
44.16000000,1.83274090,462.85714722
44.18000000,1.83274090,411.42858887
44.20000000,1.83274090,347.14288330
44.22000000,1.83274090,315.00003052
44.24000000,1.83274090,289.28573608
44.26000000,1.83274090,270.00000000
44.28000000,1.83274090,270.00000000
44.30000000,1.83274090,263.57147217
44.32000000,1.83274090,263.57147217
44.34000000,1.83274090,257.14288330
44.36000000,1.83274090,263.57147217
44.38000000,1.83274090,257.14288330
44.40000000,1.83274090,257.14288330
44.42000000,1.83274090,263.57147217
44.44000000,1.83274090,257.14288330
44.46000000,1.83274090,257.14288330
44.48000000,3.08407497,257.14288330
44.50000000,3.08407497,302.14288330
44.52000000,3.08407497,366.42858887
44.54000000,3.08407497,405.00003052
44.56000000,3.08407497,424.28576660
44.58000000,3.08407497,437.14291382
44.60000000,3.08407497,450.00006104
44.62000000,3.08407497,450.00006104
44.64000000,3.08407497,456.42858887
44.66000000,3.08407497,456.42858887
44.68000000,3.08407497,456.42858887
44.70000000,3.08407497,456.42858887
44.72000000,3.08407497,462.85714722
44.74000000,3.08407497,456.42858887
44.76000000,3.08407497,462.85714722
44.78000000,3.08407497,456.42858887
44.80000000,3.08407497,456.42858887
44.82000000,3.08407497,462.85714722
44.84000000,3.08407497,456.42858887
44.86000000,3.08407497,462.85714722
44.88000000,3.08407497,456.42858887
44.90000000,3.08407497,456.42858887
44.92000000,3.08407497,462.85714722
44.94000000,3.08407497,456.42858887
44.96000000,1.83274090,456.42858887
44.98000000,1.83274090,417.85717773
45.00000000,1.83274090,353.57144165
45.02000000,1.83274090,308.57144165
45.04000000,1.83274090,289.28573608
45.06000000,1.83274090,276.42858887
45.08000000,1.83274090,263.57147217
45.10000000,1.83274090,257.14288330
45.12000000,3.08407497,263.57147217
45.14000000,3.08407497,302.14288330
45.16000000,3.08407497,372.85717773
45.18000000,3.08407497,411.42858887
45.20000000,3.08407497,424.28576660
45.22000000,3.08407497,443.57147217
45.24000000,3.08407497,450.00006104
45.26000000,3.08407497,450.00006104
45.28000000,3.08407497,456.42858887
45.30000000,3.08407497,456.42858887
45.32000000,3.08407497,456.42858887
45.34000000,3.08407497,456.42858887
45.36000000,3.08407497,462.85714722
45.38000000,3.08407497,456.42858887
45.40000000,3.08407497,456.42858887
45.42000000,3.08407497,462.85714722
45.44000000,1.83274090,456.42858887
45.46000000,1.83274090,411.42858887
45.48000000,1.83274090,353.57144165
45.50000000,1.83274090,308.57144165
45.52000000,1.83274090,289.28573608
45.54000000,1.83274090,276.42858887
45.56000000,1.83274090,270.00000000
45.58000000,1.83274090,263.57147217
45.60000000,3.08407497,263.57147217
45.62000000,3.08407497,302.14288330
45.64000000,3.08407497,366.42858887
45.66000000,3.08407497,411.42858887
45.68000000,3.08407497,424.28576660
45.70000000,3.08407497,443.57147217
45.72000000,3.08407497,450.00006104
45.74000000,3.08407497,450.00006104
45.76000000,1.83274090,456.42858887
45.78000000,1.83274090,417.85717773
45.80000000,1.83274090,347.14288330
45.82000000,1.83274090,308.57144165
45.84000000,1.83274090,289.28573608
45.86000000,1.83274090,276.42858887
45.88000000,1.83274090,270.00000000
45.90000000,1.83274090,263.57147217
45.92000000,3.08407497,263.57147217
45.94000000,3.08407497,302.14288330
45.96000000,3.08407497,372.85717773
45.98000000,3.08407497,405.00003052
46.00000000,3.08407497,430.71432495
46.02000000,3.08407497,443.57147217
46.04000000,3.08407497,450.00006104
46.06000000,3.08407497,450.00006104
46.08000000,3.08407497,456.42858887
46.10000000,3.08407497,456.42858887
46.12000000,3.08407497,456.42858887
46.14000000,3.08407497,456.42858887
46.16000000,3.08407497,462.85714722
46.18000000,3.08407497,456.42858887
46.20000000,3.08407497,456.42858887
46.22000000,3.08407497,462.85714722
46.24000000,1.83274090,456.42858887
46.26000000,1.83274090,411.42858887
46.28000000,1.83274090,353.57144165
46.30000000,1.83274090,308.57144165
46.32000000,1.83274090,289.28573608
46.34000000,1.83274090,276.42858887
46.36000000,1.83274090,270.00000000
46.38000000,1.83274090,263.57147217
46.40000000,3.08407497,263.57147217
46.42000000,3.08407497,302.14288330
46.44000000,3.08407497,366.42858887
46.46000000,3.08407497,405.00003052
46.48000000,3.08407497,430.71432495
46.50000000,3.08407497,437.14291382
46.52000000,3.08407497,443.57147217
46.54000000,3.08407497,456.42858887
46.56000000,1.83274090,450.00006104
46.58000000,1.83274090,417.85717773
46.60000000,1.83274090,347.14288330
46.62000000,1.83274090,315.00003052
46.64000000,1.83274090,282.85714722
46.66000000,1.83274090,276.42858887
46.68000000,1.83274090,270.00000000
46.70000000,1.83274090,263.57147217
46.72000000,1.83274090,263.57147217
46.74000000,1.83274090,257.14288330
46.76000000,1.83274090,263.57147217
46.78000000,1.83274090,257.14288330
46.80000000,1.83274090,257.14288330
46.82000000,1.83274090,257.14288330
46.84000000,1.83274090,257.14288330
46.86000000,1.83274090,263.57147217
46.88000000,3.08407497,257.14288330
46.90000000,3.08407497,302.14288330
46.92000000,3.08407497,372.85717773
46.94000000,3.08407497,405.00003052
46.96000000,3.08407497,430.71432495
46.98000000,3.08407497,437.14291382
47.00000000,3.08407497,450.00006104
47.02000000,3.08407497,450.00006104
47.04000000,3.08407497,456.42858887
47.06000000,3.08407497,456.42858887
47.08000000,3.08407497,456.42858887
47.10000000,3.08407497,462.85714722
47.12000000,3.08407497,456.42858887
47.14000000,3.08407497,462.85714722
47.16000000,3.08407497,456.42858887
47.18000000,3.08407497,456.42858887
47.20000000,1.83274090,462.85714722
47.22000000,1.83274090,411.42858887
47.24000000,1.83274090,347.14288330
47.26000000,1.83274090,308.57144165
47.28000000,1.83274090,295.71432495
47.30000000,1.83274090,270.00000000
47.32000000,1.83274090,270.00000000
47.34000000,1.83274090,263.57147217
47.36000000,1.83274090,263.57147217
47.38000000,1.83274090,263.57147217
47.40000000,1.83274090,257.14288330
47.42000000,1.83274090,263.57147217
47.44000000,1.83274090,257.14288330
47.46000000,1.83274090,257.14288330
47.48000000,1.83274090,257.14288330
47.50000000,1.83274090,257.14288330
47.52000000,3.08407497,263.57147217
47.54000000,3.08407497,302.14288330
47.56000000,3.08407497,366.42858887
47.58000000,3.08407497,405.00003052
47.60000000,3.08407497,430.71432495
47.62000000,3.08407497,443.57147217
47.64000000,3.08407497,450.00006104
47.66000000,3.08407497,450.00006104
47.68000000,1.83274090,456.42858887
47.70000000,1.83274090,411.42858887
47.72000000,1.83274090,353.57144165
47.74000000,1.83274090,308.57144165
47.76000000,1.83274090,289.28573608
47.78000000,1.83274090,276.42858887
47.80000000,1.83274090,263.57147217
47.82000000,1.83274090,263.57147217
47.84000000,3.08407497,263.57147217
47.86000000,3.08407497,302.14288330
47.88000000,3.08407497,372.85717773
47.90000000,3.08407497,411.42858887
47.92000000,3.08407497,424.28576660
47.94000000,3.08407497,443.57147217
47.96000000,3.08407497,450.00006104
47.98000000,3.08407497,450.00006104
48.00000000,3.08407497,456.42858887
48.02000000,3.08407497,456.42858887
48.04000000,3.08407497,456.42858887
48.06000000,3.08407497,462.85714722
48.08000000,3.08407497,456.42858887
48.10000000,3.08407497,456.42858887
48.12000000,3.08407497,462.85714722
48.14000000,3.08407497,456.42858887
48.16000000,3.08407497,462.85714722
48.18000000,3.08407497,456.42858887
48.20000000,3.08407497,462.85714722
48.22000000,3.08407497,456.42858887
48.24000000,3.08407497,456.42858887
48.26000000,3.08407497,462.85714722
48.28000000,3.08407497,456.42858887
48.30000000,3.08407497,462.85714722
48.32000000,1.83274090,456.42858887
48.34000000,1.83274090,417.85717773
48.36000000,1.83274090,347.14288330
48.38000000,1.83274090,315.00003052
48.40000000,1.83274090,289.28573608
48.42000000,1.83274090,276.42858887
48.44000000,1.83274090,263.57147217
48.46000000,1.83274090,263.57147217
48.48000000,3.08407497,263.57147217
48.50000000,3.08407497,302.14288330
48.52000000,3.08407497,372.85717773
48.54000000,3.08407497,405.00003052
48.56000000,3.08407497,424.28576660
48.58000000,3.08407497,443.57147217
48.60000000,3.08407497,450.00006104
48.62000000,3.08407497,450.00006104
48.64000000,3.08407497,456.42858887
48.66000000,3.08407497,456.42858887
48.68000000,3.08407497,456.42858887
48.70000000,3.08407497,456.42858887
48.72000000,3.08407497,462.85714722
48.74000000,3.08407497,456.42858887
48.76000000,3.08407497,456.42858887
48.78000000,3.08407497,462.85714722
48.80000000,3.08407497,456.42858887
48.82000000,3.08407497,462.85714722
48.84000000,3.08407497,456.42858887
48.86000000,3.08407497,462.85714722
48.88000000,3.08407497,456.42858887
48.90000000,3.08407497,456.42858887
48.92000000,3.08407497,462.85714722
48.94000000,3.08407497,456.42858887
48.96000000,1.83274090,456.42858887
48.98000000,1.83274090,417.85717773
49.00000000,1.83274090,347.14288330
49.02000000,1.83274090,308.57144165
49.04000000,1.83274090,289.28573608
49.06000000,1.83274090,276.42858887
49.08000000,1.83274090,270.00000000
49.10000000,1.83274090,263.57147217
49.12000000,3.08407497,263.57147217
49.14000000,3.08407497,302.14288330
49.16000000,3.08407497,366.42858887
49.18000000,3.08407497,411.42858887
49.20000000,3.08407497,424.28576660
49.22000000,3.08407497,437.14291382
49.24000000,3.08407497,450.00006104
49.26000000,3.08407497,456.42858887
49.28000000,1.83274090,456.42858887
49.30000000,1.83274090,411.42858887
49.32000000,1.83274090,347.14288330
49.34000000,1.83274090,308.57144165
49.36000000,1.83274090,289.28573608
49.38000000,1.83274090,276.42858887
49.40000000,1.83274090,263.57147217
49.42000000,1.83274090,263.57147217
49.44000000,1.83274090,263.57147217
49.46000000,1.83274090,263.57147217
49.48000000,1.83274090,257.14288330
49.50000000,1.83274090,257.14288330
49.52000000,1.83274090,257.14288330
49.54000000,1.83274090,263.57147217
49.56000000,1.83274090,257.14288330
49.58000000,1.83274090,257.14288330
49.60000000,3.08407497,257.14288330
49.62000000,3.08407497,302.14288330
49.64000000,3.08407497,372.85717773
49.66000000,3.08407497,405.00003052
49.68000000,3.08407497,424.28576660
49.70000000,3.08407497,443.57147217
49.72000000,3.08407497,443.57147217
49.74000000,3.08407497,456.42858887
49.76000000,1.83274090,456.42858887
49.78000000,1.83274090,411.42858887
49.80000000,1.83274090,347.14288330
49.82000000,1.83274090,308.57144165
49.84000000,1.83274090,289.28573608
49.86000000,1.83274090,276.42858887
49.88000000,1.83274090,263.57147217
49.90000000,1.83274090,270.00000000
49.92000000,3.08407497,257.14288330
49.94000000,3.08407497,308.57144165
49.96000000,3.08407497,366.42858887
49.98000000,3.08407497,405.00003052
50.00000000,3.08407497,430.71432495
50.02000000,3.08407497,437.14291382
50.04000000,3.08407497,450.00006104
50.06000000,3.08407497,450.00006104
50.08000000,3.08407497,456.42858887
50.10000000,3.08407497,456.42858887
50.12000000,3.08407497,456.42858887
50.14000000,3.08407497,462.85714722
50.16000000,3.08407497,456.42858887
50.18000000,3.08407497,456.42858887
50.20000000,3.08407497,462.85714722
50.22000000,3.08407497,456.42858887
50.24000000,1.83274090,462.85714722
50.26000000,1.83274090,411.42858887
50.28000000,1.83274090,347.14288330
50.30000000,1.83274090,315.00003052
50.32000000,1.83274090,289.28573608
50.34000000,1.83274090,276.42858887
50.36000000,1.83274090,270.00000000
50.38000000,1.83274090,263.57147217
50.40000000,3.08407497,263.57147217
50.42000000,3.08407497,302.14288330
50.44000000,3.08407497,366.42858887
50.46000000,3.08407497,411.42858887
50.48000000,3.08407497,430.71432495
50.50000000,3.08407497,437.14291382
50.52000000,3.08407497,443.57147217
50.54000000,3.08407497,456.42858887
50.56000000,1.83274090,456.42858887
50.58000000,1.83274090,411.42858887
50.60000000,1.83274090,347.14288330
50.62000000,1.83274090,315.00003052
50.64000000,1.83274090,282.85714722
50.66000000,1.83274090,276.42858887
50.68000000,1.83274090,270.00000000
50.70000000,1.83274090,263.57147217
50.72000000,1.83274090,263.57147217
50.74000000,1.83274090,257.14288330
50.76000000,1.83274090,263.57147217
50.78000000,1.83274090,257.14288330
50.80000000,1.83274090,257.14288330
50.82000000,1.83274090,257.14288330
50.84000000,1.83274090,257.14288330
50.86000000,1.83274090,263.57147217
50.88000000,1.83274090,257.14288330
50.90000000,1.83274090,257.14288330
50.92000000,1.83274090,257.14288330
50.94000000,1.83274090,257.14288330
50.96000000,1.83274090,263.57147217
50.98000000,1.83274090,257.14288330
51.00000000,1.83274090,257.14288330
51.02000000,1.83274090,257.14288330
51.04000000,3.08407497,257.14288330
51.06000000,3.08407497,302.14288330
51.08000000,3.08407497,372.85717773
51.10000000,3.08407497,405.00003052
51.12000000,3.08407497,430.71432495
51.14000000,3.08407497,443.57147217
51.16000000,3.08407497,443.57147217
51.18000000,3.08407497,456.42858887
51.20000000,1.83274090,456.42858887
51.22000000,1.83274090,411.42858887
51.24000000,1.83274090,347.14288330
51.26000000,1.83274090,308.57144165
51.28000000,1.83274090,289.28573608
51.30000000,1.83274090,276.42858887
51.32000000,1.83274090,263.57147217
51.34000000,1.83274090,263.57147217
51.36000000,3.08407497,257.14288330
51.38000000,3.08407497,308.57144165
51.40000000,3.08407497,366.42858887
51.42000000,3.08407497,405.00003052
51.44000000,3.08407497,430.71432495
51.46000000,3.08407497,437.14291382
51.48000000,3.08407497,450.00006104
51.50000000,3.08407497,450.00006104
51.52000000,3.08407497,456.42858887
51.54000000,3.08407497,456.42858887
51.56000000,3.08407497,456.42858887
51.58000000,3.08407497,462.85714722
51.60000000,3.08407497,456.42858887
51.62000000,3.08407497,456.42858887
51.64000000,3.08407497,462.85714722
51.66000000,3.08407497,456.42858887
51.68000000,1.83274090,462.85714722
51.70000000,1.83274090,411.42858887
51.72000000,1.83274090,347.14288330
51.74000000,1.83274090,315.00003052
51.76000000,1.83274090,282.85714722
51.78000000,1.83274090,282.85714722
51.80000000,1.83274090,263.57147217
51.82000000,1.83274090,270.00000000
51.84000000,1.83274090,257.14288330
51.86000000,1.83274090,263.57147217
51.88000000,1.83274090,257.14288330
51.90000000,1.83274090,257.14288330
51.92000000,1.83274090,263.57147217
51.94000000,1.83274090,257.14288330
51.96000000,1.83274090,257.14288330
51.98000000,1.83274090,257.14288330
52.00000000,3.08407497,263.57147217
52.02000000,3.08407497,302.14288330
52.04000000,3.08407497,366.42858887
52.06000000,3.08407497,405.00003052
52.08000000,3.08407497,430.71432495
52.10000000,3.08407497,443.57147217
52.12000000,3.08407497,450.00006104
52.14000000,3.08407497,450.00006104
52.16000000,3.08407497,456.42858887
52.18000000,3.08407497,456.42858887
52.20000000,3.08407497,456.42858887
52.22000000,3.08407497,462.85714722
52.24000000,3.08407497,456.42858887
52.26000000,3.08407497,456.42858887
52.28000000,3.08407497,462.85714722
52.30000000,3.08407497,456.42858887
52.32000000,3.08407497,462.85714722
52.34000000,3.08407497,456.42858887
52.36000000,3.08407497,462.85714722
52.38000000,3.08407497,456.42858887
52.40000000,3.08407497,456.42858887
52.42000000,3.08407497,462.85714722
52.44000000,3.08407497,456.42858887
52.46000000,3.08407497,462.85714722
52.48000000,1.83274090,456.42858887
52.50000000,1.83274090,417.85717773
52.52000000,1.83274090,353.57144165
52.54000000,1.83274090,308.57144165
52.56000000,1.83274090,289.28573608
52.58000000,1.83274090,276.42858887
52.60000000,1.83274090,263.57147217
52.62000000,1.83274090,263.57147217
52.64000000,3.08407497,263.57147217
52.66000000,3.08407497,302.14288330
52.68000000,3.08407497,372.85717773
52.70000000,3.08407497,405.00003052
52.72000000,3.08407497,424.28576660
52.74000000,3.08407497,443.57147217
52.76000000,3.08407497,450.00006104
52.78000000,3.08407497,450.00006104
52.80000000,1.83274090,456.42858887
52.82000000,1.83274090,411.42858887
52.84000000,1.83274090,347.14288330
52.86000000,1.83274090,315.00003052
52.88000000,1.83274090,289.28573608
52.90000000,1.83274090,270.00000000
52.92000000,1.83274090,270.00000000
52.94000000,1.83274090,263.57147217
52.96000000,1.83274090,263.57147217
52.98000000,1.83274090,257.14288330
53.00000000,1.83274090,263.57147217
53.02000000,1.83274090,257.14288330
53.04000000,1.83274090,257.14288330
53.06000000,1.83274090,257.14288330
53.08000000,1.83274090,263.57147217
53.10000000,1.83274090,257.14288330
53.12000000,3.08407497,257.14288330
53.14000000,3.08407497,302.14288330
53.16000000,3.08407497,366.42858887
53.18000000,3.08407497,405.00003052
53.20000000,3.08407497,430.71432495
53.22000000,3.08407497,437.14291382
53.24000000,3.08407497,450.00006104
53.26000000,3.08407497,450.00006104
53.28000000,3.08407497,456.42858887
53.30000000,3.08407497,456.42858887
53.32000000,3.08407497,456.42858887
53.34000000,3.08407497,462.85714722
53.36000000,3.08407497,456.42858887
53.38000000,3.08407497,462.85714722
53.40000000,3.08407497,456.42858887
53.42000000,3.08407497,456.42858887
53.44000000,3.08407497,462.85714722
53.46000000,3.08407497,456.42858887
53.48000000,3.08407497,462.85714722
53.50000000,3.08407497,456.42858887
53.52000000,3.08407497,462.85714722
53.54000000,3.08407497,456.42858887
53.56000000,3.08407497,456.42858887
53.58000000,3.08407497,462.85714722
53.60000000,3.08407497,462.85714722
53.62000000,3.08407497,456.42858887
53.64000000,3.08407497,456.42858887
53.66000000,3.08407497,462.85714722
53.68000000,3.08407497,456.42858887
53.70000000,3.08407497,462.85714722
53.72000000,3.08407497,456.42858887
53.74000000,3.08407497,462.85714722
53.76000000,3.08407497,456.42858887
53.78000000,3.08407497,462.85714722
53.80000000,3.08407497,456.42858887
53.82000000,3.08407497,462.85714722
53.84000000,3.08407497,456.42858887
53.86000000,3.08407497,456.42858887
53.88000000,3.08407497,456.42858887
53.90000000,3.08407497,462.85714722
53.92000000,3.08407497,456.42858887
53.94000000,3.08407497,456.42858887
53.96000000,3.08407497,456.42858887
53.98000000,3.08407497,462.85714722
54.00000000,3.08407497,456.42858887
54.02000000,3.08407497,462.85714722
54.04000000,3.08407497,456.42858887
54.06000000,3.08407497,462.85714722
54.08000000,1.83274090,456.42858887
54.10000000,1.83274090,417.85717773
54.12000000,1.83274090,347.14288330
54.14000000,1.83274090,315.00003052
54.16000000,1.83274090,289.28573608
54.18000000,1.83274090,276.42858887
54.20000000,1.83274090,263.57147217
54.22000000,1.83274090,270.00000000
54.24000000,3.08407497,257.14288330
54.26000000,3.08407497,308.57144165
54.28000000,3.08407497,366.42858887
54.30000000,3.08407497,411.42858887
54.32000000,3.08407497,430.71432495
54.34000000,3.08407497,437.14291382
54.36000000,3.08407497,450.00006104
54.38000000,3.08407497,450.00006104
54.40000000,1.83274090,456.42858887
54.42000000,1.83274090,417.85717773
54.44000000,1.83274090,347.14288330
54.46000000,1.83274090,308.57144165
54.48000000,1.83274090,289.28573608
54.50000000,1.83274090,276.42858887
54.52000000,1.83274090,270.00000000
54.54000000,1.83274090,257.14288330
54.56000000,3.08407497,263.57147217
54.58000000,3.08407497,302.14288330
54.60000000,3.08407497,372.85717773
54.62000000,3.08407497,405.00003052
54.64000000,3.08407497,430.71432495
54.66000000,3.08407497,437.14291382
54.68000000,3.08407497,450.00006104
54.70000000,3.08407497,450.00006104
54.72000000,3.08407497,456.42858887
54.74000000,3.08407497,456.42858887
54.76000000,3.08407497,456.42858887
54.78000000,3.08407497,456.42858887
54.80000000,3.08407497,462.85714722
54.82000000,3.08407497,456.42858887
54.84000000,3.08407497,456.42858887
54.86000000,3.08407497,462.85714722
54.88000000,1.83274090,456.42858887
54.90000000,1.83274090,417.85717773
54.92000000,1.83274090,347.14288330
54.94000000,1.83274090,308.57144165
54.96000000,1.83274090,289.28573608
54.98000000,1.83274090,270.00000000
55.00000000,1.83274090,270.00000000
55.02000000,1.83274090,270.00000000
55.04000000,3.08407497,257.14288330
55.06000000,3.08407497,308.57144165
55.08000000,3.08407497,366.42858887
55.10000000,3.08407497,405.00003052
55.12000000,3.08407497,430.71432495
55.14000000,3.08407497,443.57147217
55.16000000,3.08407497,450.00006104
55.18000000,3.08407497,450.00006104
55.20000000,3.08407497,456.42858887
55.22000000,3.08407497,456.42858887
55.24000000,3.08407497,462.85714722
55.26000000,3.08407497,456.42858887
55.28000000,3.08407497,456.42858887
55.30000000,3.08407497,462.85714722
55.32000000,3.08407497,456.42858887
55.34000000,3.08407497,456.42858887
55.36000000,1.83274090,462.85714722
55.38000000,1.83274090,411.42858887
55.40000000,1.83274090,353.57144165
55.42000000,1.83274090,308.57144165
55.44000000,1.83274090,289.28573608
55.46000000,1.83274090,276.42858887
55.48000000,1.83274090,270.00000000
55.50000000,1.83274090,263.57147217
55.52000000,3.08407497,263.57147217
55.54000000,3.08407497,302.14288330
55.56000000,3.08407497,366.42858887
55.58000000,3.08407497,405.00003052
55.60000000,3.08407497,430.71432495
55.62000000,3.08407497,437.14291382
55.64000000,3.08407497,450.00006104
55.66000000,3.08407497,456.42858887
55.68000000,1.83274090,450.00006104
55.70000000,1.83274090,417.85717773
55.72000000,1.83274090,347.14288330
55.74000000,1.83274090,308.57144165
55.76000000,1.83274090,289.28573608
55.78000000,1.83274090,276.42858887
55.80000000,1.83274090,270.00000000
55.82000000,1.83274090,263.57147217
55.84000000,1.83274090,263.57147217
55.86000000,1.83274090,257.14288330
55.88000000,1.83274090,263.57147217
55.90000000,1.83274090,257.14288330
55.92000000,1.83274090,257.14288330
55.94000000,1.83274090,257.14288330
55.96000000,1.83274090,263.57147217
55.98000000,1.83274090,257.14288330
56.00000000,1.83274090,257.14288330
56.02000000,1.83274090,257.14288330
56.04000000,1.83274090,257.14288330
56.06000000,1.83274090,263.57147217
56.08000000,1.83274090,257.14288330
56.10000000,1.83274090,257.14288330
56.12000000,1.83274090,257.14288330
56.14000000,1.83274090,257.14288330
56.16000000,1.83274090,257.14288330
56.18000000,1.83274090,257.14288330
56.20000000,1.83274090,257.14288330
56.22000000,1.83274090,263.57147217
56.24000000,1.83274090,257.14288330
56.26000000,1.83274090,257.14288330
56.28000000,1.83274090,257.14288330
56.30000000,1.83274090,257.14288330
56.32000000,1.83274090,257.14288330
56.34000000,1.83274090,257.14288330
56.36000000,1.83274090,263.57147217
56.38000000,1.83274090,257.14288330
56.40000000,1.83274090,257.14288330
56.42000000,1.83274090,257.14288330
56.44000000,1.83274090,257.14288330
56.46000000,1.83274090,257.14288330
56.48000000,3.08407497,257.14288330
56.50000000,3.08407497,308.57144165
56.52000000,3.08407497,366.42858887
56.54000000,3.08407497,405.00003052
56.56000000,3.08407497,424.28576660
56.58000000,3.08407497,443.57147217
56.60000000,3.08407497,450.00006104
56.62000000,3.08407497,450.00006104
56.64000000,1.83274090,456.42858887
56.66000000,1.83274090,411.42858887
56.68000000,1.83274090,347.14288330
56.70000000,1.83274090,315.00003052
56.72000000,1.83274090,289.28573608
56.74000000,1.83274090,270.00000000
56.76000000,1.83274090,270.00000000
56.78000000,1.83274090,263.57147217
56.80000000,1.83274090,263.57147217
56.82000000,1.83274090,257.14288330
56.84000000,1.83274090,263.57147217
56.86000000,1.83274090,257.14288330
56.88000000,1.83274090,257.14288330
56.90000000,1.83274090,257.14288330
56.92000000,1.83274090,257.14288330
56.94000000,1.83274090,263.57147217
56.96000000,1.83274090,257.14288330
56.98000000,1.83274090,257.14288330
57.00000000,1.83274090,257.14288330
57.02000000,1.83274090,257.14288330
57.04000000,1.83274090,257.14288330
57.06000000,1.83274090,257.14288330
57.08000000,1.83274090,263.57147217
57.10000000,1.83274090,257.14288330
57.12000000,1.83274090,257.14288330
57.14000000,1.83274090,257.14288330
57.16000000,1.83274090,257.14288330
57.18000000,1.83274090,263.57147217
57.20000000,1.83274090,257.14288330
57.22000000,1.83274090,257.14288330
57.24000000,1.83274090,257.14288330
57.26000000,1.83274090,257.14288330
57.28000000,3.08407497,257.14288330
57.30000000,3.08407497,302.14288330
57.32000000,3.08407497,372.85717773
57.34000000,3.08407497,405.00003052
57.36000000,3.08407497,430.71432495
57.38000000,3.08407497,443.57147217
57.40000000,3.08407497,450.00006104
57.42000000,3.08407497,450.00006104
57.44000000,3.08407497,456.42858887
57.46000000,3.08407497,456.42858887
57.48000000,3.08407497,462.85714722
57.50000000,3.08407497,456.42858887
57.52000000,3.08407497,456.42858887
57.54000000,3.08407497,462.85714722
57.56000000,3.08407497,456.42858887
57.58000000,3.08407497,462.85714722
57.60000000,3.08407497,456.42858887
57.62000000,3.08407497,462.85714722
57.64000000,3.08407497,456.42858887
57.66000000,3.08407497,462.85714722
57.68000000,3.08407497,456.42858887
57.70000000,3.08407497,462.85714722
57.72000000,3.08407497,456.42858887
57.74000000,3.08407497,462.85714722
57.76000000,1.83274090,456.42858887
57.78000000,1.83274090,417.85717773
57.80000000,1.83274090,347.14288330
57.82000000,1.83274090,315.00003052
57.84000000,1.83274090,289.28573608
57.86000000,1.83274090,276.42858887
57.88000000,1.83274090,263.57147217
57.90000000,1.83274090,263.57147217
57.92000000,1.83274090,263.57147217
57.94000000,1.83274090,257.14288330
57.96000000,1.83274090,263.57147217
57.98000000,1.83274090,257.14288330
58.00000000,1.83274090,257.14288330
58.02000000,1.83274090,257.14288330
58.04000000,1.83274090,257.14288330
58.06000000,1.83274090,263.57147217
58.08000000,3.08407497,257.14288330
58.10000000,3.08407497,302.14288330
58.12000000,3.08407497,366.42858887
58.14000000,3.08407497,405.00003052
58.16000000,3.08407497,424.28576660
58.18000000,3.08407497,443.57147217
58.20000000,3.08407497,450.00006104
58.22000000,3.08407497,450.00006104
58.24000000,3.08407497,456.42858887
58.26000000,3.08407497,456.42858887
58.28000000,3.08407497,456.42858887
58.30000000,3.08407497,462.85714722
58.32000000,3.08407497,456.42858887
58.34000000,3.08407497,456.42858887
58.36000000,3.08407497,462.85714722
58.38000000,3.08407497,462.85714722
58.40000000,3.08407497,456.42858887
58.42000000,3.08407497,456.42858887
58.44000000,3.08407497,462.85714722
58.46000000,3.08407497,456.42858887
58.48000000,3.08407497,462.85714722
58.50000000,3.08407497,456.42858887
58.52000000,3.08407497,462.85714722
58.54000000,3.08407497,456.42858887
58.56000000,1.83274090,462.85714722
58.58000000,1.83274090,411.42858887
58.60000000,1.83274090,353.57144165
58.62000000,1.83274090,308.57144165
58.64000000,1.83274090,289.28573608
58.66000000,1.83274090,276.42858887
58.68000000,1.83274090,270.00000000
58.70000000,1.83274090,263.57147217
58.72000000,1.83274090,257.14288330
58.74000000,1.83274090,263.57147217
58.76000000,1.83274090,257.14288330
58.78000000,1.83274090,257.14288330
58.80000000,1.83274090,257.14288330
58.82000000,1.83274090,263.57147217
58.84000000,1.83274090,257.14288330
58.86000000,1.83274090,257.14288330
58.88000000,3.08407497,257.14288330
58.90000000,3.08407497,302.14288330
58.92000000,3.08407497,372.85717773
58.94000000,3.08407497,405.00003052
58.96000000,3.08407497,424.28576660
58.98000000,3.08407497,443.57147217
59.00000000,3.08407497,443.57147217
59.02000000,3.08407497,456.42858887
59.04000000,1.83274090,456.42858887
59.06000000,1.83274090,411.42858887
59.08000000,1.83274090,347.14288330
59.10000000,1.83274090,308.57144165
59.12000000,1.83274090,289.28573608
59.14000000,1.83274090,276.42858887
59.16000000,1.83274090,270.00000000
59.18000000,1.83274090,263.57147217
59.20000000,1.83274090,257.14288330
59.22000000,1.83274090,263.57147217
59.24000000,1.83274090,257.14288330
59.26000000,1.83274090,263.57147217
59.28000000,1.83274090,257.14288330
59.30000000,1.83274090,257.14288330
59.32000000,1.83274090,257.14288330
59.34000000,1.83274090,257.14288330
59.36000000,1.83274090,263.57147217
59.38000000,1.83274090,257.14288330
59.40000000,1.83274090,257.14288330
59.42000000,1.83274090,257.14288330
59.44000000,1.83274090,263.57147217
59.46000000,1.83274090,257.14288330
59.48000000,1.83274090,257.14288330
59.50000000,1.83274090,257.14288330
59.52000000,3.08407497,257.14288330
59.54000000,3.08407497,302.14288330
59.56000000,3.08407497,366.42858887
59.58000000,3.08407497,411.42858887
59.60000000,3.08407497,424.28576660
59.62000000,3.08407497,443.57147217
59.64000000,3.08407497,450.00006104
59.66000000,3.08407497,450.00006104
59.68000000,1.83274090,456.42858887
59.70000000,1.83274090,411.42858887
59.72000000,1.83274090,353.57144165
59.74000000,1.83274090,308.57144165
59.76000000,1.83274090,289.28573608
59.78000000,1.83274090,276.42858887
59.80000000,1.83274090,263.57147217
59.82000000,1.83274090,263.57147217
59.84000000,1.83274090,263.57147217
59.86000000,1.83274090,257.14288330
59.88000000,1.83274090,263.57147217
59.90000000,1.83274090,257.14288330
59.92000000,1.83274090,257.14288330
59.94000000,1.83274090,263.57147217
59.96000000,1.83274090,257.14288330
59.98000000,1.83274090,257.14288330
60.00000000,3.08407497,257.14288330
60.02000000,3.08407497,302.14288330
60.04000000,3.08407497,366.42858887
60.06000000,3.08407497,405.00003052
60.08000000,3.08407497,430.71432495
60.10000000,3.08407497,437.14291382
60.12000000,3.08407497,450.00006104
60.14000000,3.08407497,450.00006104
60.16000000,3.08407497,456.42858887
60.18000000,3.08407497,456.42858887
60.20000000,3.08407497,462.85714722
60.22000000,3.08407497,456.42858887
60.24000000,3.08407497,456.42858887
60.26000000,3.08407497,462.85714722
60.28000000,3.08407497,456.42858887
60.30000000,3.08407497,462.85714722
60.32000000,3.08407497,456.42858887
60.34000000,3.08407497,462.85714722
60.36000000,3.08407497,456.42858887
60.38000000,3.08407497,462.85714722
60.40000000,3.08407497,456.42858887
60.42000000,3.08407497,462.85714722
60.44000000,3.08407497,456.42858887
60.46000000,3.08407497,462.85714722
60.48000000,3.08407497,456.42858887
60.50000000,3.08407497,462.85714722
60.52000000,3.08407497,456.42858887
60.54000000,3.08407497,462.85714722
60.56000000,3.08407497,456.42858887
60.58000000,3.08407497,462.85714722
60.60000000,3.08407497,456.42858887
60.62000000,3.08407497,462.85714722
60.64000000,1.83274090,456.42858887
60.66000000,1.83274090,417.85717773
60.68000000,1.83274090,353.57144165
60.70000000,1.83274090,308.57144165
60.72000000,1.83274090,289.28573608
60.74000000,1.83274090,276.42858887
60.76000000,1.83274090,270.00000000
60.78000000,1.83274090,263.57147217
60.80000000,1.83274090,263.57147217
60.82000000,1.83274090,257.14288330
60.84000000,1.83274090,263.57147217
60.86000000,1.83274090,257.14288330
60.88000000,1.83274090,257.14288330
60.90000000,1.83274090,257.14288330
60.92000000,1.83274090,257.14288330
60.94000000,1.83274090,263.57147217
60.96000000,1.83274090,257.14288330
60.98000000,1.83274090,257.14288330
61.00000000,1.83274090,257.14288330
61.02000000,1.83274090,257.14288330
61.04000000,1.83274090,257.14288330
61.06000000,1.83274090,257.14288330
61.08000000,1.83274090,257.14288330
61.10000000,1.83274090,257.14288330
61.12000000,1.83274090,257.14288330
61.14000000,1.83274090,257.14288330
61.16000000,1.83274090,257.14288330
61.18000000,1.83274090,263.57147217
61.20000000,1.83274090,257.14288330
61.22000000,1.83274090,257.14288330
61.24000000,1.83274090,257.14288330
61.26000000,1.83274090,257.14288330
61.28000000,3.08407497,257.14288330
61.30000000,3.08407497,302.14288330
61.32000000,3.08407497,366.42858887
61.34000000,3.08407497,405.00003052
61.36000000,3.08407497,430.71432495
61.38000000,3.08407497,443.57147217
61.40000000,3.08407497,443.57147217
61.42000000,3.08407497,456.42858887
61.44000000,3.08407497,456.42858887
61.46000000,3.08407497,456.42858887
61.48000000,3.08407497,456.42858887
61.50000000,3.08407497,456.42858887
61.52000000,3.08407497,462.85714722
61.54000000,3.08407497,456.42858887
61.56000000,3.08407497,462.85714722
61.58000000,3.08407497,456.42858887
61.60000000,1.83274090,462.85714722
61.62000000,1.83274090,411.42858887
61.64000000,1.83274090,353.57144165
61.66000000,1.83274090,308.57144165
61.68000000,1.83274090,289.28573608
61.70000000,1.83274090,276.42858887
61.72000000,1.83274090,270.00000000
61.74000000,1.83274090,263.57147217
61.76000000,3.08407497,263.57147217
61.78000000,3.08407497,302.14288330
61.80000000,3.08407497,372.85717773
61.82000000,3.08407497,405.00003052
61.84000000,3.08407497,430.71432495
61.86000000,3.08407497,443.57147217
61.88000000,3.08407497,443.57147217
61.90000000,3.08407497,456.42858887
61.92000000,3.08407497,456.42858887
61.94000000,3.08407497,456.42858887
61.96000000,3.08407497,456.42858887
61.98000000,3.08407497,462.85714722
62.00000000,3.08407497,456.42858887
62.02000000,3.08407497,456.42858887
62.04000000,3.08407497,462.85714722
62.06000000,3.08407497,462.85714722
62.08000000,1.83274090,456.42858887
62.10000000,1.83274090,417.85717773
62.12000000,1.83274090,347.14288330
62.14000000,1.83274090,308.57144165
62.16000000,1.83274090,289.28573608
62.18000000,1.83274090,276.42858887
62.20000000,1.83274090,270.00000000
62.22000000,1.83274090,270.00000000
62.24000000,1.83274090,257.14288330
62.26000000,1.83274090,263.57147217
62.28000000,1.83274090,257.14288330
62.30000000,1.83274090,263.57147217
62.32000000,1.83274090,257.14288330
62.34000000,1.83274090,257.14288330
62.36000000,1.83274090,257.14288330
62.38000000,1.83274090,257.14288330
62.40000000,1.83274090,263.57147217
62.42000000,1.83274090,257.14288330
62.44000000,1.83274090,257.14288330
62.46000000,1.83274090,257.14288330
62.48000000,1.83274090,257.14288330
62.50000000,1.83274090,263.57147217
62.52000000,1.83274090,257.14288330
62.54000000,1.83274090,257.14288330
62.56000000,3.08407497,257.14288330
62.58000000,3.08407497,302.14288330
62.60000000,3.08407497,366.42858887
62.62000000,3.08407497,405.00003052
62.64000000,3.08407497,424.28576660
62.66000000,3.08407497,443.57147217
62.68000000,3.08407497,443.57147217
62.70000000,3.08407497,456.42858887
62.72000000,3.08407497,450.00006104
62.74000000,3.08407497,462.85714722
62.76000000,3.08407497,456.42858887
62.78000000,3.08407497,456.42858887
62.80000000,3.08407497,462.85714722
62.82000000,3.08407497,456.42858887
62.84000000,3.08407497,456.42858887
62.86000000,3.08407497,462.85714722
62.88000000,1.83274090,462.85714722
62.90000000,1.83274090,411.42858887
62.92000000,1.83274090,353.57144165
62.94000000,1.83274090,308.57144165
62.96000000,1.83274090,289.28573608
62.98000000,1.83274090,276.42858887
63.00000000,1.83274090,270.00000000
63.02000000,1.83274090,263.57147217
63.04000000,3.08407497,263.57147217
63.06000000,3.08407497,302.14288330
63.08000000,3.08407497,372.85717773
63.10000000,3.08407497,405.00003052
63.12000000,3.08407497,430.71432495
63.14000000,3.08407497,437.14291382
63.16000000,3.08407497,450.00006104
63.18000000,3.08407497,456.42858887
63.20000000,1.83274090,456.42858887
63.22000000,1.83274090,411.42858887
63.24000000,1.83274090,347.14288330
63.26000000,1.83274090,308.57144165
63.28000000,1.83274090,289.28573608
63.30000000,1.83274090,276.42858887
63.32000000,1.83274090,270.00000000
63.34000000,1.83274090,263.57147217
63.36000000,1.83274090,263.57147217
63.38000000,1.83274090,257.14288330
63.40000000,1.83274090,257.14288330
63.42000000,1.83274090,263.57147217
63.44000000,1.83274090,257.14288330
63.46000000,1.83274090,257.14288330
63.48000000,1.83274090,257.14288330
63.50000000,1.83274090,263.57147217
63.52000000,3.08407497,257.14288330
63.54000000,3.08407497,302.14288330
63.56000000,3.08407497,366.42858887
63.58000000,3.08407497,405.00003052
63.60000000,3.08407497,424.28576660
63.62000000,3.08407497,443.57147217
63.64000000,3.08407497,443.57147217
63.66000000,3.08407497,456.42858887
63.68000000,3.08407497,450.00006104
63.70000000,3.08407497,462.85714722
63.72000000,3.08407497,456.42858887
63.74000000,3.08407497,456.42858887
63.76000000,3.08407497,462.85714722
63.78000000,3.08407497,456.42858887
63.80000000,3.08407497,456.42858887
63.82000000,3.08407497,462.85714722
63.84000000,3.08407497,456.42858887
63.86000000,3.08407497,462.85714722
63.88000000,3.08407497,456.42858887
63.90000000,3.08407497,462.85714722
63.92000000,3.08407497,456.42858887
63.94000000,3.08407497,456.42858887
63.96000000,3.08407497,462.85714722
63.98000000,3.08407497,462.85714722
64.00000000,1.83274090,456.42858887
64.02000000,1.83274090,417.85717773
64.04000000,1.83274090,347.14288330
64.06000000,1.83274090,315.00003052
64.08000000,1.83274090,289.28573608
64.10000000,1.83274090,276.42858887
64.12000000,1.83274090,263.57147217
64.14000000,1.83274090,270.00000000
64.16000000,3.08407497,257.14288330
64.18000000,3.08407497,308.57144165
64.20000000,3.08407497,366.42858887
64.22000000,3.08407497,405.00003052
64.24000000,3.08407497,424.28576660
64.26000000,3.08407497,443.57147217
64.28000000,3.08407497,443.57147217
64.30000000,3.08407497,456.42858887
64.32000000,3.08407497,456.42858887
64.34000000,3.08407497,456.42858887
64.36000000,3.08407497,456.42858887
64.38000000,3.08407497,456.42858887
64.40000000,3.08407497,462.85714722
64.42000000,3.08407497,456.42858887
64.44000000,3.08407497,462.85714722
64.46000000,3.08407497,456.42858887
64.48000000,3.08407497,456.42858887
64.50000000,3.08407497,462.85714722
64.52000000,3.08407497,456.42858887
64.54000000,3.08407497,462.85714722
64.56000000,3.08407497,456.42858887
64.58000000,3.08407497,462.85714722
64.60000000,3.08407497,456.42858887
64.62000000,3.08407497,462.85714722
64.64000000,3.08407497,456.42858887
64.66000000,3.08407497,462.85714722
64.68000000,3.08407497,456.42858887
64.70000000,3.08407497,462.85714722
64.72000000,3.08407497,456.42858887
64.74000000,3.08407497,462.85714722
64.76000000,3.08407497,456.42858887
64.78000000,3.08407497,462.85714722
64.80000000,1.83274090,456.42858887
64.82000000,1.83274090,417.85717773
64.84000000,1.83274090,353.57144165
64.86000000,1.83274090,308.57144165
64.88000000,1.83274090,289.28573608
64.90000000,1.83274090,276.42858887
64.92000000,1.83274090,270.00000000
64.94000000,1.83274090,263.57147217
64.96000000,1.83274090,263.57147217
64.98000000,1.83274090,257.14288330
65.00000000,1.83274090,257.14288330
65.02000000,1.83274090,263.57147217
65.04000000,1.83274090,257.14288330
65.06000000,1.83274090,257.14288330
65.08000000,1.83274090,257.14288330
65.10000000,1.83274090,263.57147217
65.12000000,3.08407497,257.14288330
65.14000000,3.08407497,302.14288330
65.16000000,3.08407497,366.42858887
65.18000000,3.08407497,411.42858887
65.20000000,3.08407497,424.28576660
65.22000000,3.08407497,443.57147217
65.24000000,3.08407497,450.00006104
65.26000000,3.08407497,450.00006104
65.28000000,1.83274090,456.42858887
65.30000000,1.83274090,411.42858887
65.32000000,1.83274090,353.57144165
65.34000000,1.83274090,308.57144165
65.36000000,1.83274090,289.28573608
65.38000000,1.83274090,276.42858887
65.40000000,1.83274090,263.57147217
65.42000000,1.83274090,263.57147217
65.44000000,1.83274090,263.57147217
65.46000000,1.83274090,257.14288330
65.48000000,1.83274090,263.57147217
65.50000000,1.83274090,257.14288330
65.52000000,1.83274090,263.57147217
65.54000000,1.83274090,257.14288330
65.56000000,1.83274090,257.14288330
65.58000000,1.83274090,257.14288330
65.60000000,1.83274090,257.14288330
65.62000000,1.83274090,257.14288330
65.64000000,1.83274090,263.57147217
65.66000000,1.83274090,257.14288330
65.68000000,1.83274090,257.14288330
65.70000000,1.83274090,257.14288330
65.72000000,1.83274090,257.14288330
65.74000000,1.83274090,263.57147217
65.76000000,1.83274090,257.14288330
65.78000000,1.83274090,257.14288330
65.80000000,1.83274090,257.14288330
65.82000000,1.83274090,257.14288330
65.84000000,1.83274090,257.14288330
65.86000000,1.83274090,257.14288330
65.88000000,1.83274090,263.57147217
65.90000000,1.83274090,257.14288330
65.92000000,1.83274090,257.14288330
65.94000000,1.83274090,257.14288330
65.96000000,1.83274090,257.14288330
65.98000000,1.83274090,263.57147217
66.00000000,1.83274090,257.14288330
66.02000000,1.83274090,257.14288330
66.04000000,1.83274090,257.14288330
66.06000000,1.83274090,257.14288330
66.08000000,1.83274090,257.14288330
66.10000000,1.83274090,257.14288330
66.12000000,1.83274090,263.57147217
66.14000000,1.83274090,257.14288330
66.16000000,1.83274090,257.14288330
66.18000000,1.83274090,257.14288330
66.20000000,1.83274090,257.14288330
66.22000000,1.83274090,263.57147217
66.24000000,1.83274090,257.14288330
66.26000000,1.83274090,257.14288330
66.28000000,1.83274090,257.14288330
66.30000000,1.83274090,257.14288330
66.32000000,1.83274090,257.14288330
66.34000000,1.83274090,257.14288330
66.36000000,1.83274090,263.57147217
66.38000000,1.83274090,257.14288330
66.40000000,3.08407497,257.14288330
66.42000000,3.08407497,302.14288330
66.44000000,3.08407497,366.42858887
66.46000000,3.08407497,405.00003052
66.48000000,3.08407497,424.28576660
66.50000000,3.08407497,443.57147217
66.52000000,3.08407497,450.00006104
66.54000000,3.08407497,450.00006104
66.56000000,3.08407497,456.42858887
66.58000000,3.08407497,456.42858887
66.60000000,3.08407497,456.42858887
66.62000000,3.08407497,462.85714722
66.64000000,3.08407497,456.42858887
66.66000000,3.08407497,456.42858887
66.68000000,3.08407497,462.85714722
66.70000000,3.08407497,456.42858887
66.72000000,1.83274090,462.85714722
66.74000000,1.83274090,417.85717773
66.76000000,1.83274090,347.14288330
66.78000000,1.83274090,315.00003052
66.80000000,1.83274090,289.28573608
66.82000000,1.83274090,276.42858887
66.84000000,1.83274090,263.57147217
66.86000000,1.83274090,270.00000000
66.88000000,1.83274090,257.14288330
66.90000000,1.83274090,263.57147217
66.92000000,1.83274090,257.14288330
66.94000000,1.83274090,263.57147217
66.96000000,1.83274090,257.14288330
66.98000000,1.83274090,257.14288330
67.00000000,1.83274090,257.14288330
67.02000000,1.83274090,257.14288330
67.04000000,1.83274090,263.57147217
67.06000000,1.83274090,257.14288330
67.08000000,1.83274090,257.14288330
67.10000000,1.83274090,257.14288330
67.12000000,1.83274090,257.14288330
67.14000000,1.83274090,263.57147217
67.16000000,1.83274090,257.14288330
67.18000000,1.83274090,257.14288330
67.20000000,3.08407497,257.14288330
67.22000000,3.08407497,302.14288330
67.24000000,3.08407497,372.85717773
67.26000000,3.08407497,405.00003052
67.28000000,3.08407497,424.28576660
67.30000000,3.08407497,443.57147217
67.32000000,3.08407497,450.00006104
67.34000000,3.08407497,450.00006104
67.36000000,3.08407497,456.42858887
67.38000000,3.08407497,456.42858887
67.40000000,3.08407497,456.42858887
67.42000000,3.08407497,462.85714722
67.44000000,3.08407497,456.42858887
67.46000000,3.08407497,462.85714722
67.48000000,3.08407497,456.42858887
67.50000000,3.08407497,462.85714722
67.52000000,3.08407497,456.42858887
67.54000000,3.08407497,456.42858887
67.56000000,3.08407497,462.85714722
67.58000000,3.08407497,462.85714722
67.60000000,3.08407497,456.42858887
67.62000000,3.08407497,456.42858887
67.64000000,3.08407497,462.85714722
67.66000000,3.08407497,456.42858887
67.68000000,1.83274090,456.42858887
67.70000000,1.83274090,417.85717773
67.72000000,1.83274090,347.14288330
67.74000000,1.83274090,315.00003052
67.76000000,1.83274090,289.28573608
67.78000000,1.83274090,276.42858887
67.80000000,1.83274090,263.57147217
67.82000000,1.83274090,270.00000000
67.84000000,1.83274090,257.14288330
67.86000000,1.83274090,263.57147217
67.88000000,1.83274090,257.14288330
67.90000000,1.83274090,257.14288330
67.92000000,1.83274090,257.14288330
67.94000000,1.83274090,263.57147217
67.96000000,1.83274090,257.14288330
67.98000000,1.83274090,257.14288330
68.00000000,3.08407497,257.14288330
68.02000000,3.08407497,302.14288330
68.04000000,3.08407497,366.42858887
68.06000000,3.08407497,405.00003052
68.08000000,3.08407497,424.28576660
68.10000000,3.08407497,443.57147217
68.12000000,3.08407497,443.57147217
68.14000000,3.08407497,456.42858887
68.16000000,1.83274090,450.00006104
68.18000000,1.83274090,417.85717773
68.20000000,1.83274090,347.14288330
68.22000000,1.83274090,308.57144165
68.24000000,1.83274090,289.28573608
68.26000000,1.83274090,276.42858887
68.28000000,1.83274090,270.00000000
68.30000000,1.83274090,263.57147217
68.32000000,3.08407497,263.57147217
68.34000000,3.08407497,302.14288330
68.36000000,3.08407497,366.42858887
68.38000000,3.08407497,405.00003052
68.40000000,3.08407497,430.71432495
68.42000000,3.08407497,437.14291382
68.44000000,3.08407497,450.00006104
68.46000000,3.08407497,450.00006104
68.48000000,1.83274090,456.42858887
68.50000000,1.83274090,411.42858887
68.52000000,1.83274090,347.14288330
68.54000000,1.83274090,315.00003052
68.56000000,1.83274090,289.28573608
68.58000000,1.83274090,276.42858887
68.60000000,1.83274090,263.57147217
68.62000000,1.83274090,263.57147217
68.64000000,3.08407497,263.57147217
68.66000000,3.08407497,302.14288330
68.68000000,3.08407497,372.85717773
68.70000000,3.08407497,405.00003052
68.72000000,3.08407497,424.28576660
68.74000000,3.08407497,437.14291382
68.76000000,3.08407497,450.00006104
68.78000000,3.08407497,450.00006104
68.80000000,3.08407497,456.42858887
68.82000000,3.08407497,456.42858887
68.84000000,3.08407497,462.85714722
68.86000000,3.08407497,456.42858887
68.88000000,3.08407497,456.42858887
68.90000000,3.08407497,462.85714722
68.92000000,3.08407497,456.42858887
68.94000000,3.08407497,462.85714722
68.96000000,1.83274090,456.42858887
68.98000000,1.83274090,417.85717773
69.00000000,1.83274090,347.14288330
69.02000000,1.83274090,315.00003052
69.04000000,1.83274090,282.85714722
69.06000000,1.83274090,282.85714722
69.08000000,1.83274090,263.57147217
69.10000000,1.83274090,263.57147217
69.12000000,3.08407497,263.57147217
69.14000000,3.08407497,302.14288330
69.16000000,3.08407497,372.85717773
69.18000000,3.08407497,405.00003052
69.20000000,3.08407497,430.71432495
69.22000000,3.08407497,443.57147217
69.24000000,3.08407497,450.00006104
69.26000000,3.08407497,450.00006104
69.28000000,1.83274090,456.42858887
69.30000000,1.83274090,417.85717773
69.32000000,1.83274090,347.14288330
69.34000000,1.83274090,308.57144165
69.36000000,1.83274090,289.28573608
69.38000000,1.83274090,276.42858887
69.40000000,1.83274090,270.00000000
69.42000000,1.83274090,263.57147217
69.44000000,3.08407497,263.57147217
69.46000000,3.08407497,302.14288330
69.48000000,3.08407497,366.42858887
69.50000000,3.08407497,405.00003052
69.52000000,3.08407497,430.71432495
69.54000000,3.08407497,437.14291382
69.56000000,3.08407497,450.00006104
69.58000000,3.08407497,450.00006104
69.60000000,3.08407497,456.42858887
69.62000000,3.08407497,456.42858887
69.64000000,3.08407497,456.42858887
69.66000000,3.08407497,462.85714722
69.68000000,3.08407497,456.42858887
69.70000000,3.08407497,456.42858887
69.72000000,3.08407497,462.85714722
69.74000000,3.08407497,462.85714722
69.76000000,3.08407497,456.42858887
69.78000000,3.08407497,456.42858887
69.80000000,3.08407497,462.85714722
69.82000000,3.08407497,456.42858887
69.84000000,3.08407497,462.85714722
69.86000000,3.08407497,456.42858887
69.88000000,3.08407497,462.85714722
69.90000000,3.08407497,456.42858887
69.92000000,3.08407497,462.85714722
69.94000000,3.08407497,456.42858887
69.96000000,3.08407497,462.85714722
69.98000000,3.08407497,456.42858887
70.00000000,3.08407497,462.85714722
70.02000000,3.08407497,456.42858887
70.04000000,3.08407497,462.85714722
70.06000000,3.08407497,462.85714722
70.08000000,1.83274090,456.42858887
70.10000000,1.83274090,417.85717773
70.12000000,1.83274090,347.14288330
70.14000000,1.83274090,315.00003052
70.16000000,1.83274090,289.28573608
70.18000000,1.83274090,276.42858887
70.20000000,1.83274090,270.00000000
70.22000000,1.83274090,263.57147217
70.24000000,3.08407497,263.57147217
70.26000000,3.08407497,302.14288330
70.28000000,3.08407497,372.85717773
70.30000000,3.08407497,405.00003052
70.32000000,3.08407497,424.28576660
70.34000000,3.08407497,443.57147217
70.36000000,3.08407497,443.57147217
70.38000000,3.08407497,456.42858887
70.40000000,3.08407497,456.42858887
70.42000000,3.08407497,456.42858887
70.44000000,3.08407497,456.42858887
70.46000000,3.08407497,456.42858887
70.48000000,3.08407497,462.85714722
70.50000000,3.08407497,456.42858887
70.52000000,3.08407497,462.85714722
70.54000000,3.08407497,456.42858887
70.56000000,3.08407497,462.85714722
70.58000000,3.08407497,456.42858887
70.60000000,3.08407497,456.42858887
70.62000000,3.08407497,462.85714722
70.64000000,3.08407497,456.42858887
70.66000000,3.08407497,462.85714722
70.68000000,3.08407497,456.42858887
70.70000000,3.08407497,462.85714722
70.72000000,3.08407497,456.42858887
70.74000000,3.08407497,462.85714722
70.76000000,3.08407497,456.42858887
70.78000000,3.08407497,462.85714722
70.80000000,3.08407497,456.42858887
70.82000000,3.08407497,462.85714722
70.84000000,3.08407497,456.42858887
70.86000000,3.08407497,462.85714722
70.88000000,1.83274090,456.42858887
70.90000000,1.83274090,411.42858887
70.92000000,1.83274090,353.57144165
70.94000000,1.83274090,315.00003052
70.96000000,1.83274090,282.85714722
70.98000000,1.83274090,276.42858887
71.00000000,1.83274090,270.00000000
71.02000000,1.83274090,263.57147217
71.04000000,3.08407497,263.57147217
71.06000000,3.08407497,302.14288330
71.08000000,3.08407497,372.85717773
71.10000000,3.08407497,405.00003052
71.12000000,3.08407497,430.71432495
71.14000000,3.08407497,437.14291382
71.16000000,3.08407497,450.00006104
71.18000000,3.08407497,456.42858887
71.20000000,3.08407497,456.42858887
71.22000000,3.08407497,456.42858887
71.24000000,3.08407497,456.42858887
71.26000000,3.08407497,456.42858887
71.28000000,3.08407497,462.85714722
71.30000000,3.08407497,456.42858887
71.32000000,3.08407497,462.85714722
71.34000000,3.08407497,456.42858887
71.36000000,1.83274090,462.85714722
71.38000000,1.83274090,411.42858887
71.40000000,1.83274090,353.57144165
71.42000000,1.83274090,308.57144165
71.44000000,1.83274090,289.28573608
71.46000000,1.83274090,276.42858887
71.48000000,1.83274090,270.00000000
71.50000000,1.83274090,263.57147217
71.52000000,3.08407497,263.57147217
71.54000000,3.08407497,302.14288330
71.56000000,3.08407497,372.85717773
71.58000000,3.08407497,405.00003052
71.60000000,3.08407497,430.71432495
71.62000000,3.08407497,443.57147217
71.64000000,3.08407497,450.00006104
71.66000000,3.08407497,450.00006104
71.68000000,1.83274090,456.42858887
71.70000000,1.83274090,411.42858887
71.72000000,1.83274090,347.14288330
71.74000000,1.83274090,315.00003052
71.76000000,1.83274090,289.28573608
71.78000000,1.83274090,276.42858887
71.80000000,1.83274090,263.57147217
71.82000000,1.83274090,263.57147217
71.84000000,1.83274090,263.57147217
71.86000000,1.83274090,257.14288330
71.88000000,1.83274090,263.57147217
71.90000000,1.83274090,257.14288330
71.92000000,1.83274090,257.14288330
71.94000000,1.83274090,263.57147217
71.96000000,1.83274090,257.14288330
71.98000000,1.83274090,257.14288330
72.00000000,3.08407497,257.14288330
72.02000000,3.08407497,302.14288330
72.04000000,3.08407497,366.42858887
72.06000000,3.08407497,405.00003052
72.08000000,3.08407497,424.28576660
72.10000000,3.08407497,443.57147217
72.12000000,3.08407497,443.57147217
72.14000000,3.08407497,456.42858887
72.16000000,1.83274090,456.42858887
72.18000000,1.83274090,411.42858887
72.20000000,1.83274090,347.14288330
72.22000000,1.83274090,315.00003052
72.24000000,1.83274090,289.28573608
72.26000000,1.83274090,270.00000000
72.28000000,1.83274090,270.00000000
72.30000000,1.83274090,263.57147217
72.32000000,1.83274090,263.57147217
72.34000000,1.83274090,257.14288330
72.36000000,1.83274090,263.57147217
72.38000000,1.83274090,257.14288330
72.40000000,1.83274090,257.14288330
72.42000000,1.83274090,263.57147217
72.44000000,1.83274090,257.14288330
72.46000000,1.83274090,257.14288330
72.48000000,1.83274090,257.14288330
72.50000000,1.83274090,257.14288330
72.52000000,1.83274090,263.57147217
72.54000000,1.83274090,257.14288330
72.56000000,1.83274090,257.14288330
72.58000000,1.83274090,257.14288330
72.60000000,1.83274090,257.14288330
72.62000000,1.83274090,263.57147217
72.64000000,1.83274090,257.14288330
72.66000000,1.83274090,257.14288330
72.68000000,1.83274090,257.14288330
72.70000000,1.83274090,257.14288330
72.72000000,1.83274090,257.14288330
72.74000000,1.83274090,257.14288330
72.76000000,1.83274090,263.57147217
72.78000000,1.83274090,257.14288330
72.80000000,1.83274090,257.14288330
72.82000000,1.83274090,257.14288330
72.84000000,1.83274090,257.14288330
72.86000000,1.83274090,257.14288330
72.88000000,1.83274090,263.57147217
72.90000000,1.83274090,257.14288330
72.92000000,1.83274090,257.14288330
72.94000000,1.83274090,257.14288330
72.96000000,3.08407497,257.14288330
72.98000000,3.08407497,302.14288330
73.00000000,3.08407497,372.85717773
73.02000000,3.08407497,405.00003052
73.04000000,3.08407497,430.71432495
73.06000000,3.08407497,443.57147217
73.08000000,3.08407497,450.00006104
73.10000000,3.08407497,450.00006104
73.12000000,1.83274090,456.42858887
73.14000000,1.83274090,417.85717773
73.16000000,1.83274090,347.14288330
73.18000000,1.83274090,308.57144165
73.20000000,1.83274090,289.28573608
73.22000000,1.83274090,276.42858887
73.24000000,1.83274090,270.00000000
73.26000000,1.83274090,263.57147217
73.28000000,3.08407497,263.57147217
73.30000000,3.08407497,302.14288330
73.32000000,3.08407497,366.42858887
73.34000000,3.08407497,405.00003052
73.36000000,3.08407497,430.71432495
73.38000000,3.08407497,437.14291382
73.40000000,3.08407497,450.00006104
73.42000000,3.08407497,450.00006104
73.44000000,1.83274090,456.42858887
73.46000000,1.83274090,411.42858887
73.48000000,1.83274090,347.14288330
73.50000000,1.83274090,315.00003052
73.52000000,1.83274090,282.85714722
73.54000000,1.83274090,276.42858887
73.56000000,1.83274090,270.00000000
73.58000000,1.83274090,263.57147217
73.60000000,1.83274090,263.57147217
73.62000000,1.83274090,257.14288330
73.64000000,1.83274090,263.57147217
73.66000000,1.83274090,257.14288330
73.68000000,1.83274090,257.14288330
73.70000000,1.83274090,263.57147217
73.72000000,1.83274090,257.14288330
73.74000000,1.83274090,257.14288330
73.76000000,1.83274090,257.14288330
73.78000000,1.83274090,257.14288330
73.80000000,1.83274090,263.57147217
73.82000000,1.83274090,257.14288330
73.84000000,1.83274090,257.14288330
73.86000000,1.83274090,257.14288330
73.88000000,1.83274090,257.14288330
73.90000000,1.83274090,257.14288330
73.92000000,3.08407497,263.57147217
73.94000000,3.08407497,302.14288330
73.96000000,3.08407497,366.42858887
73.98000000,3.08407497,405.00003052
74.00000000,3.08407497,424.28576660
74.02000000,3.08407497,443.57147217
74.04000000,3.08407497,443.57147217
74.06000000,3.08407497,456.42858887
74.08000000,3.08407497,456.42858887
74.10000000,3.08407497,456.42858887
74.12000000,3.08407497,456.42858887
74.14000000,3.08407497,462.85714722
74.16000000,3.08407497,456.42858887
74.18000000,3.08407497,456.42858887
74.20000000,3.08407497,456.42858887
74.22000000,3.08407497,462.85714722
74.24000000,3.08407497,456.42858887
74.26000000,3.08407497,462.85714722
74.28000000,3.08407497,456.42858887
74.30000000,3.08407497,462.85714722
74.32000000,3.08407497,456.42858887
74.34000000,3.08407497,462.85714722
74.36000000,3.08407497,456.42858887
74.38000000,3.08407497,462.85714722
74.40000000,1.83274090,456.42858887
74.42000000,1.83274090,417.85717773
74.44000000,1.83274090,347.14288330
74.46000000,1.83274090,315.00003052
74.48000000,1.83274090,289.28573608
74.50000000,1.83274090,276.42858887
74.52000000,1.83274090,263.57147217
74.54000000,1.83274090,270.00000000
74.56000000,3.08407497,257.14288330
74.58000000,3.08407497,302.14288330
74.60000000,3.08407497,366.42858887
74.62000000,3.08407497,411.42858887
74.64000000,3.08407497,424.28576660
74.66000000,3.08407497,437.14291382
74.68000000,3.08407497,450.00006104
74.70000000,3.08407497,450.00006104
74.72000000,1.83274090,456.42858887
74.74000000,1.83274090,411.42858887
74.76000000,1.83274090,353.57144165
74.78000000,1.83274090,308.57144165
74.80000000,1.83274090,289.28573608
74.82000000,1.83274090,276.42858887
74.84000000,1.83274090,270.00000000
74.86000000,1.83274090,257.14288330
74.88000000,1.83274090,263.57147217
74.90000000,1.83274090,263.57147217
74.92000000,1.83274090,257.14288330
74.94000000,1.83274090,257.14288330
74.96000000,1.83274090,257.14288330
74.98000000,1.83274090,263.57147217
75.00000000,1.83274090,257.14288330
75.02000000,1.83274090,257.14288330
75.04000000,1.83274090,257.14288330
75.06000000,1.83274090,257.14288330
75.08000000,1.83274090,263.57147217
75.10000000,1.83274090,257.14288330
75.12000000,1.83274090,257.14288330
75.14000000,1.83274090,257.14288330
75.16000000,1.83274090,257.14288330
75.18000000,1.83274090,257.14288330
75.20000000,3.08407497,263.57147217
75.22000000,3.08407497,302.14288330
75.24000000,3.08407497,366.42858887
75.26000000,3.08407497,405.00003052
75.28000000,3.08407497,424.28576660
75.30000000,3.08407497,443.57147217
75.32000000,3.08407497,450.00006104
75.34000000,3.08407497,450.00006104
75.36000000,3.08407497,456.42858887
75.38000000,3.08407497,456.42858887
75.40000000,3.08407497,456.42858887
75.42000000,3.08407497,456.42858887
75.44000000,3.08407497,456.42858887
75.46000000,3.08407497,462.85714722
75.48000000,3.08407497,456.42858887
75.50000000,3.08407497,462.85714722
75.52000000,1.83274090,462.85714722
75.54000000,1.83274090,411.42858887
75.56000000,1.83274090,353.57144165
75.58000000,1.83274090,315.00003052
75.60000000,1.83274090,282.85714722
75.62000000,1.83274090,282.85714722
75.64000000,1.83274090,263.57147217
75.66000000,1.83274090,263.57147217
75.68000000,3.08407497,263.57147217
75.70000000,3.08407497,302.14288330
75.72000000,3.08407497,372.85717773
75.74000000,3.08407497,405.00003052
75.76000000,3.08407497,430.71432495
75.78000000,3.08407497,437.14291382
75.80000000,3.08407497,450.00006104
75.82000000,3.08407497,456.42858887
75.84000000,3.08407497,456.42858887
75.86000000,3.08407497,456.42858887
75.88000000,3.08407497,456.42858887
75.90000000,3.08407497,462.85714722
75.92000000,3.08407497,456.42858887
75.94000000,3.08407497,462.85714722
75.96000000,3.08407497,456.42858887
75.98000000,3.08407497,462.85714722
76.00000000,3.08407497,456.42858887
76.02000000,3.08407497,462.85714722
76.04000000,3.08407497,456.42858887
76.06000000,3.08407497,462.85714722
76.08000000,3.08407497,462.85714722
76.10000000,3.08407497,456.42858887
76.12000000,3.08407497,462.85714722
76.14000000,3.08407497,456.42858887
76.16000000,3.08407497,462.85714722
76.18000000,3.08407497,456.42858887
76.20000000,3.08407497,462.85714722
76.22000000,3.08407497,456.42858887
76.24000000,3.08407497,462.85714722
76.26000000,3.08407497,462.85714722
76.28000000,3.08407497,456.42858887
76.30000000,3.08407497,462.85714722
76.32000000,1.83274090,456.42858887
76.34000000,1.83274090,417.85717773
76.36000000,1.83274090,353.57144165
76.38000000,1.83274090,308.57144165
76.40000000,1.83274090,289.28573608
76.42000000,1.83274090,276.42858887
76.44000000,1.83274090,270.00000000
76.46000000,1.83274090,263.57147217
76.48000000,1.83274090,257.14288330
76.50000000,1.83274090,263.57147217
76.52000000,1.83274090,257.14288330
76.54000000,1.83274090,257.14288330
76.56000000,1.83274090,257.14288330
76.58000000,1.83274090,263.57147217
76.60000000,1.83274090,257.14288330
76.62000000,1.83274090,257.14288330
76.64000000,1.83274090,257.14288330
76.66000000,1.83274090,263.57147217
76.68000000,1.83274090,257.14288330
76.70000000,1.83274090,257.14288330
76.72000000,1.83274090,257.14288330
76.74000000,1.83274090,257.14288330
76.76000000,1.83274090,257.14288330
76.78000000,1.83274090,257.14288330
76.80000000,1.83274090,257.14288330
76.82000000,1.83274090,257.14288330
76.84000000,1.83274090,263.57147217
76.86000000,1.83274090,257.14288330
76.88000000,1.83274090,257.14288330
76.90000000,1.83274090,257.14288330
76.92000000,1.83274090,257.14288330
76.94000000,1.83274090,257.14288330
76.96000000,1.83274090,263.57147217
76.98000000,1.83274090,257.14288330
77.00000000,1.83274090,257.14288330
77.02000000,1.83274090,257.14288330
77.04000000,1.83274090,257.14288330
77.06000000,1.83274090,257.14288330
77.08000000,1.83274090,257.14288330
77.10000000,1.83274090,257.14288330
77.12000000,3.08407497,263.57147217
77.14000000,3.08407497,302.14288330
77.16000000,3.08407497,366.42858887
77.18000000,3.08407497,405.00003052
77.20000000,3.08407497,430.71432495
77.22000000,3.08407497,443.57147217
77.24000000,3.08407497,450.00006104
77.26000000,3.08407497,456.42858887
77.28000000,1.83274090,456.42858887
77.30000000,1.83274090,411.42858887
77.32000000,1.83274090,347.14288330
77.34000000,1.83274090,315.00003052
77.36000000,1.83274090,289.28573608
77.38000000,1.83274090,270.00000000
77.40000000,1.83274090,270.00000000
77.42000000,1.83274090,263.57147217
77.44000000,1.83274090,263.57147217
77.46000000,1.83274090,257.14288330
77.48000000,1.83274090,263.57147217
77.50000000,1.83274090,257.14288330
77.52000000,1.83274090,257.14288330
77.54000000,1.83274090,257.14288330
77.56000000,1.83274090,263.57147217
77.58000000,1.83274090,257.14288330
77.60000000,3.08407497,257.14288330
77.62000000,3.08407497,302.14288330
77.64000000,3.08407497,366.42858887
77.66000000,3.08407497,405.00003052
77.68000000,3.08407497,430.71432495
77.70000000,3.08407497,437.14291382
77.72000000,3.08407497,450.00006104
77.74000000,3.08407497,450.00006104
77.76000000,1.83274090,456.42858887
77.78000000,1.83274090,411.42858887
77.80000000,1.83274090,347.14288330
77.82000000,1.83274090,308.57144165
77.84000000,1.83274090,289.28573608
77.86000000,1.83274090,276.42858887
77.88000000,1.83274090,270.00000000
77.90000000,1.83274090,263.57147217
77.92000000,3.08407497,257.14288330
77.94000000,3.08407497,308.57144165
77.96000000,3.08407497,366.42858887
77.98000000,3.08407497,405.00003052
78.00000000,3.08407497,430.71432495
78.02000000,3.08407497,437.14291382
78.04000000,3.08407497,450.00006104
78.06000000,3.08407497,450.00006104
78.08000000,1.83274090,456.42858887
78.10000000,1.83274090,411.42858887
78.12000000,1.83274090,347.14288330
78.14000000,1.83274090,315.00003052
78.16000000,1.83274090,282.85714722
78.18000000,1.83274090,276.42858887
78.20000000,1.83274090,270.00000000
78.22000000,1.83274090,263.57147217
78.24000000,3.08407497,263.57147217
78.26000000,3.08407497,302.14288330
78.28000000,3.08407497,366.42858887
78.30000000,3.08407497,405.00003052
78.32000000,3.08407497,430.71432495
78.34000000,3.08407497,437.14291382
78.36000000,3.08407497,450.00006104
78.38000000,3.08407497,450.00006104
78.40000000,1.83274090,456.42858887
78.42000000,1.83274090,411.42858887
78.44000000,1.83274090,353.57144165
78.46000000,1.83274090,308.57144165
78.48000000,1.83274090,289.28573608
78.50000000,1.83274090,276.42858887
78.52000000,1.83274090,263.57147217
78.54000000,1.83274090,263.57147217
78.56000000,3.08407497,263.57147217
78.58000000,3.08407497,302.14288330
78.60000000,3.08407497,372.85717773
78.62000000,3.08407497,405.00003052
78.64000000,3.08407497,424.28576660
78.66000000,3.08407497,437.14291382
78.68000000,3.08407497,450.00006104
78.70000000,3.08407497,450.00006104
78.72000000,3.08407497,456.42858887
78.74000000,3.08407497,456.42858887
78.76000000,3.08407497,462.85714722
78.78000000,3.08407497,456.42858887
78.80000000,3.08407497,462.85714722
78.82000000,3.08407497,456.42858887
78.84000000,3.08407497,462.85714722
78.86000000,3.08407497,456.42858887
78.88000000,3.08407497,462.85714722
78.90000000,3.08407497,456.42858887
78.92000000,3.08407497,462.85714722
78.94000000,3.08407497,456.42858887
78.96000000,3.08407497,456.42858887
78.98000000,3.08407497,462.85714722
79.00000000,3.08407497,456.42858887
79.02000000,3.08407497,462.85714722
79.04000000,1.83274090,456.42858887
79.06000000,1.83274090,417.85717773
79.08000000,1.83274090,347.14288330
79.10000000,1.83274090,315.00003052
79.12000000,1.83274090,289.28573608
79.14000000,1.83274090,276.42858887
79.16000000,1.83274090,270.00000000
79.18000000,1.83274090,263.57147217
79.20000000,3.08407497,263.57147217
79.22000000,3.08407497,302.14288330
79.24000000,3.08407497,372.85717773
79.26000000,3.08407497,405.00003052
79.28000000,3.08407497,430.71432495
79.30000000,3.08407497,443.57147217
79.32000000,3.08407497,450.00006104
79.34000000,3.08407497,450.00006104
79.36000000,1.83274090,456.42858887
79.38000000,1.83274090,417.85717773
79.40000000,1.83274090,347.14288330
79.42000000,1.83274090,315.00003052
79.44000000,1.83274090,282.85714722
79.46000000,1.83274090,276.42858887
79.48000000,1.83274090,270.00000000
79.50000000,1.83274090,263.57147217
79.52000000,1.83274090,263.57147217
79.54000000,1.83274090,257.14288330
79.56000000,1.83274090,263.57147217
79.58000000,1.83274090,257.14288330
79.60000000,1.83274090,257.14288330
79.62000000,1.83274090,257.14288330
79.64000000,1.83274090,257.14288330
79.66000000,1.83274090,263.57147217
79.68000000,1.83274090,257.14288330
79.70000000,1.83274090,257.14288330
79.72000000,1.83274090,257.14288330
79.74000000,1.83274090,257.14288330
79.76000000,1.83274090,257.14288330
79.78000000,1.83274090,263.57147217
79.80000000,1.83274090,257.14288330
79.82000000,1.83274090,257.14288330
79.84000000,1.83274090,257.14288330
79.86000000,1.83274090,257.14288330
79.88000000,1.83274090,257.14288330
79.90000000,1.83274090,257.14288330
79.92000000,1.83274090,263.57147217
79.94000000,1.83274090,257.14288330
79.96000000,1.83274090,257.14288330
79.98000000,1.83274090,257.14288330
80.00000000,3.08407497,257.14288330
80.02000000,3.08407497,302.14288330
80.04000000,3.08407497,372.85717773
80.06000000,3.08407497,405.00003052
80.08000000,3.08407497,430.71432495
80.10000000,3.08407497,437.14291382
80.12000000,3.08407497,443.57147217
80.14000000,3.08407497,456.42858887
80.16000000,1.83274090,456.42858887
80.18000000,1.83274090,411.42858887
80.20000000,1.83274090,353.57144165
80.22000000,1.83274090,308.57144165
80.24000000,1.83274090,289.28573608
80.26000000,1.83274090,276.42858887
80.28000000,1.83274090,270.00000000
80.30000000,1.83274090,263.57147217
80.32000000,1.83274090,257.14288330
80.34000000,1.83274090,263.57147217
80.36000000,1.83274090,257.14288330
80.38000000,1.83274090,257.14288330
80.40000000,1.83274090,263.57147217
80.42000000,1.83274090,257.14288330
80.44000000,1.83274090,257.14288330
80.46000000,1.83274090,257.14288330
80.48000000,3.08407497,257.14288330
80.50000000,3.08407497,302.14288330
80.52000000,3.08407497,366.42858887
80.54000000,3.08407497,405.00003052
80.56000000,3.08407497,430.71432495
80.58000000,3.08407497,437.14291382
80.60000000,3.08407497,450.00006104
80.62000000,3.08407497,450.00006104
80.64000000,3.08407497,456.42858887
80.66000000,3.08407497,456.42858887
80.68000000,3.08407497,462.85714722
80.70000000,3.08407497,456.42858887
80.72000000,3.08407497,456.42858887
80.74000000,3.08407497,462.85714722
80.76000000,3.08407497,462.85714722
80.78000000,3.08407497,456.42858887
80.80000000,1.83274090,462.85714722
80.82000000,1.83274090,417.85717773
80.84000000,1.83274090,347.14288330
80.86000000,1.83274090,315.00003052
80.88000000,1.83274090,289.28573608
80.90000000,1.83274090,270.00000000
80.92000000,1.83274090,270.00000000
80.94000000,1.83274090,263.57147217
80.96000000,1.83274090,263.57147217
80.98000000,1.83274090,257.14288330
81.00000000,1.83274090,263.57147217
81.02000000,1.83274090,257.14288330
81.04000000,1.83274090,257.14288330
81.06000000,1.83274090,263.57147217
81.08000000,1.83274090,257.14288330
81.10000000,1.83274090,257.14288330
81.12000000,1.83274090,257.14288330
81.14000000,1.83274090,257.14288330
81.16000000,1.83274090,257.14288330
81.18000000,1.83274090,257.14288330
81.20000000,1.83274090,257.14288330
81.22000000,1.83274090,257.14288330
81.24000000,1.83274090,257.14288330
81.26000000,1.83274090,257.14288330
81.28000000,3.08407497,257.14288330
81.30000000,3.08407497,302.14288330
81.32000000,3.08407497,372.85717773
81.34000000,3.08407497,405.00003052
81.36000000,3.08407497,430.71432495
81.38000000,3.08407497,443.57147217
81.40000000,3.08407497,443.57147217
81.42000000,3.08407497,456.42858887
81.44000000,3.08407497,456.42858887
81.46000000,3.08407497,456.42858887
81.48000000,3.08407497,456.42858887
81.50000000,3.08407497,456.42858887
81.52000000,3.08407497,462.85714722
81.54000000,3.08407497,456.42858887
81.56000000,3.08407497,456.42858887
81.58000000,3.08407497,462.85714722
81.60000000,1.83274090,462.85714722
81.62000000,1.83274090,411.42858887
81.64000000,1.83274090,353.57144165
81.66000000,1.83274090,308.57144165
81.68000000,1.83274090,289.28573608
81.70000000,1.83274090,276.42858887
81.72000000,1.83274090,270.00000000
81.74000000,1.83274090,263.57147217
81.76000000,1.83274090,263.57147217
81.78000000,1.83274090,257.14288330
81.80000000,1.83274090,263.57147217
81.82000000,1.83274090,257.14288330
81.84000000,1.83274090,257.14288330
